curve,x,y
roc,0.0,0.0
roc,0.000277,0.0
roc,0.000512,0.0
roc,0.000789,7.6e-05
roc,0.001024,7.6e-05
roc,0.001259,7.6e-05
roc,0.001515,7.6e-05
roc,0.001664,7.6e-05
roc,0.001878,7.6e-05
roc,0.002027,7.6e-05
roc,0.002176,7.6e-05
roc,0.002368,7.6e-05
roc,0.002539,7.6e-05
roc,0.002667,0.000228
roc,0.00288,0.000305
roc,0.003158,0.000305
roc,0.003499,0.000381
roc,0.003841,0.000381
roc,0.004182,0.000381
roc,0.004438,0.000457
roc,0.00463,0.000457
roc,0.004758,0.000609
roc,0.004886,0.000685
roc,0.005035,0.000761
roc,0.005163,0.001218
roc,0.005291,0.001371
roc,0.005398,0.001599
roc,0.005483,0.001751
roc,0.005526,0.002208
roc,0.005569,0.002894
roc,0.005761,0.00297
roc,0.005804,0.003427
roc,0.006038,0.003579
roc,0.006166,0.003884
roc,0.006252,0.004493
roc,0.006508,0.005178
roc,0.006636,0.005635
roc,0.0067,0.006549
roc,0.007084,0.006777
roc,0.007126,0.007234
roc,0.007361,0.007691
roc,0.007489,0.008224
roc,0.007553,0.008605
roc,0.007724,0.008681
roc,0.007852,0.009214
roc,0.007873,0.009976
roc,0.007895,0.01028
roc,0.007916,0.010585
roc,0.008044,0.010966
roc,0.008215,0.011346
roc,0.008279,0.011879
roc,0.008364,0.012032
roc,0.008385,0.013555
roc,0.008513,0.01424
roc,0.008705,0.015002
roc,0.008769,0.015535
roc,0.008833,0.015687
roc,0.008876,0.016372
roc,0.008919,0.01721
roc,0.009004,0.017514
roc,0.009047,0.017895
roc,0.009132,0.018581
roc,0.009175,0.019418
roc,0.009239,0.02018
roc,0.009281,0.021094
roc,0.009281,0.02315
roc,0.009303,0.023606
roc,0.009345,0.024216
roc,0.009388,0.02452
roc,0.009431,0.025053
roc,0.009473,0.026119
roc,0.009495,0.027186
roc,0.009537,0.027566
roc,0.009537,0.028175
roc,0.00958,0.028785
roc,0.009623,0.029851
roc,0.009665,0.030765
roc,0.009729,0.031145
roc,0.009751,0.031602
roc,0.009772,0.032135
roc,0.009836,0.03244
roc,0.009857,0.032897
roc,0.009921,0.033049
roc,0.009964,0.03343
roc,0.010028,0.033582
roc,0.010092,0.033811
roc,0.010135,0.033963
roc,0.010199,0.034191
roc,0.010242,0.034724
roc,0.010284,0.035105
roc,0.010391,0.035562
roc,0.010391,0.036247
roc,0.010412,0.036704
roc,0.010455,0.03739
roc,0.010519,0.037846
roc,0.010626,0.038227
roc,0.010711,0.03838
roc,0.010732,0.039293
roc,0.010754,0.039903
roc,0.011138,0.040359
roc,0.011202,0.040512
roc,0.011244,0.040969
roc,0.011266,0.041654
roc,0.011351,0.042035
roc,0.011372,0.043025
roc,0.011479,0.043253
roc,0.011671,0.043405
roc,0.011714,0.043634
roc,0.011778,0.043938
roc,0.011799,0.044852
roc,0.011842,0.04569
roc,0.01197,0.046071
roc,0.011991,0.047213
roc,0.011991,0.047746
roc,0.012012,0.049193
roc,0.012055,0.049574
roc,0.012119,0.05064
roc,0.012183,0.050868
roc,0.01229,0.05102
roc,0.012418,0.051173
roc,0.012461,0.051325
roc,0.012482,0.052087
roc,0.012546,0.05262
roc,0.012589,0.053
roc,0.012653,0.054066
roc,0.012674,0.054371
roc,0.012738,0.054676
roc,0.012802,0.05498
roc,0.012823,0.055285
roc,0.012909,0.055513
roc,0.01293,0.056275
roc,0.012994,0.056808
roc,0.013058,0.057798
roc,0.013079,0.058559
roc,0.013079,0.059778
roc,0.013186,0.060311
roc,0.013229,0.060463
roc,0.013335,0.060539
roc,0.013378,0.061301
roc,0.013378,0.062443
roc,0.013485,0.062519
roc,0.013506,0.063433
roc,0.013506,0.064575
roc,0.014189,0.065032
roc,0.014253,0.066174
roc,0.014317,0.066555
roc,0.014338,0.067393
roc,0.014359,0.06785
roc,0.014402,0.068687
roc,0.014552,0.068992
roc,0.014552,0.071429
roc,0.01468,0.071657
roc,0.014744,0.071885
roc,0.014744,0.073104
roc,0.015128,0.073561
roc,0.015192,0.073942
roc,0.015213,0.075617
roc,0.015426,0.075769
roc,0.015469,0.075998
roc,0.01549,0.076759
roc,0.015533,0.077673
roc,0.01564,0.07813
roc,0.01564,0.080262
roc,0.015725,0.080719
roc,0.015874,0.081633
roc,0.01596,0.081937
roc,0.016002,0.082318
roc,0.016088,0.082623
roc,0.01613,0.085212
roc,0.016258,0.086125
roc,0.017048,0.086125
roc,0.01724,0.086735
roc,0.017304,0.086887
roc,0.017411,0.087496
roc,0.017432,0.089171
roc,0.017475,0.089628
roc,0.017475,0.091075
roc,0.017667,0.09138
roc,0.017773,0.091837
roc,0.017944,0.092217
roc,0.017987,0.093055
roc,0.018029,0.093664
roc,0.018051,0.093969
roc,0.018051,0.095797
roc,0.018264,0.096025
roc,0.018285,0.097548
roc,0.018648,0.098614
roc,0.018733,0.099147
roc,0.018904,0.100594
roc,0.018968,0.101279
roc,0.019054,0.101965
roc,0.019075,0.103792
roc,0.019331,0.106762
roc,0.019416,0.107371
roc,0.019651,0.107447
roc,0.019651,0.109275
roc,0.019672,0.110037
roc,0.019715,0.11057
roc,0.019779,0.112702
roc,0.019822,0.112854
roc,0.019928,0.114682
roc,0.020206,0.114758
roc,0.020206,0.115367
roc,0.020248,0.117042
roc,0.020291,0.117423
roc,0.020334,0.120241
roc,0.020632,0.120698
roc,0.020739,0.121154
roc,0.020782,0.122068
roc,0.021102,0.122906
roc,0.021102,0.127779
roc,0.021144,0.12816
roc,0.021337,0.128541
roc,0.021379,0.128769
roc,0.021443,0.129302
roc,0.021465,0.132348
roc,0.021486,0.13311
roc,0.02155,0.133338
roc,0.021614,0.136308
roc,0.021785,0.136613
roc,0.021913,0.136765
roc,0.022019,0.13844
roc,0.022062,0.138821
roc,0.022083,0.143999
roc,0.022766,0.144076
roc,0.023043,0.144152
roc,0.023171,0.145446
roc,0.023278,0.148492
roc,0.023299,0.150015
roc,0.023299,0.15131
roc,0.023321,0.154203
roc,0.023363,0.154584
roc,0.023385,0.155574
roc,0.023662,0.155955
roc,0.023769,0.156412
roc,0.023854,0.157554
roc,0.023876,0.159534
roc,0.024025,0.160524
roc,0.024196,0.161666
roc,0.024238,0.161895
roc,0.024302,0.162275
roc,0.024686,0.16258
roc,0.024772,0.163798
roc,0.024793,0.164408
roc,0.024857,0.164864
roc,0.024878,0.165474
roc,0.024942,0.166768
roc,0.025006,0.168443
roc,0.02507,0.169205
roc,0.025156,0.169433
roc,0.025198,0.172708
roc,0.02522,0.174079
roc,0.025348,0.174307
roc,0.02539,0.17583
roc,0.025412,0.176287
roc,0.025518,0.176896
roc,0.025753,0.177658
roc,0.025881,0.177962
roc,0.025945,0.178267
roc,0.026009,0.17979
roc,0.026031,0.180247
roc,0.026287,0.183293
roc,0.026351,0.184207
roc,0.026479,0.18474
roc,0.0265,0.186415
roc,0.026671,0.186567
roc,0.026735,0.187024
roc,0.026777,0.187633
roc,0.026863,0.188699
roc,0.027204,0.18908
roc,0.027951,0.189461
roc,0.027972,0.191898
roc,0.028143,0.192126
roc,0.028356,0.192202
roc,0.028399,0.192735
roc,0.028399,0.193954
roc,0.028804,0.194258
roc,0.028868,0.195401
roc,0.029188,0.198294
roc,0.029338,0.199208
roc,0.030127,0.199741
roc,0.030255,0.199817
roc,0.030255,0.200655
roc,0.030426,0.20134
roc,0.030469,0.203016
roc,0.03049,0.204615
roc,0.030917,0.204767
roc,0.030938,0.205528
roc,0.03113,0.205681
roc,0.031151,0.206366
roc,0.031173,0.206975
roc,0.031386,0.20728
roc,0.031706,0.207432
roc,0.031727,0.208955
roc,0.031834,0.209031
roc,0.031898,0.209336
roc,0.031962,0.211849
roc,0.03209,0.212763
roc,0.032154,0.21322
roc,0.032239,0.21459
roc,0.032261,0.21657
roc,0.032303,0.217789
roc,0.032346,0.218474
roc,0.032602,0.218626
roc,0.032666,0.219083
roc,0.033434,0.219388
roc,0.033456,0.219845
roc,0.033477,0.220758
roc,0.03352,0.22152
roc,0.033584,0.222434
roc,0.033626,0.223195
roc,0.033669,0.223728
roc,0.033712,0.223957
roc,0.033925,0.224642
roc,0.034266,0.225023
roc,0.034266,0.225784
roc,0.034437,0.225937
roc,0.034458,0.226698
roc,0.034565,0.227003
roc,0.034565,0.228221
roc,0.034971,0.22883
roc,0.035013,0.229592
roc,0.035099,0.230277
roc,0.035184,0.231115
roc,0.035248,0.233247
roc,0.035291,0.233552
roc,0.035355,0.234237
roc,0.035504,0.235684
roc,0.035717,0.235836
roc,0.035717,0.236445
roc,0.035824,0.237207
roc,0.035888,0.239111
roc,0.036059,0.239339
roc,0.036101,0.240634
roc,0.036677,0.240862
roc,0.036784,0.241776
roc,0.036784,0.242766
roc,0.036805,0.243603
roc,0.036912,0.244898
roc,0.036934,0.245964
roc,0.037254,0.246726
roc,0.037808,0.247106
roc,0.037872,0.247259
roc,0.037979,0.247487
roc,0.038192,0.247868
roc,0.038427,0.247944
roc,0.03847,0.248782
roc,0.038598,0.249467
roc,0.039281,0.249543
roc,0.040049,0.249924
roc,0.040091,0.251066
roc,0.040113,0.251828
roc,0.040198,0.252056
roc,0.040262,0.252208
roc,0.040369,0.252361
roc,0.040497,0.253198
roc,0.040625,0.253351
roc,0.040795,0.254112
roc,0.040838,0.257615
roc,0.040923,0.259519
roc,0.041137,0.260204
roc,0.041201,0.260585
roc,0.041286,0.260889
roc,0.041457,0.261118
roc,0.041692,0.261879
roc,0.042822,0.266829
roc,0.04295,0.266905
roc,0.042972,0.26721
roc,0.043078,0.268428
roc,0.043441,0.268581
roc,0.043633,0.268657
roc,0.043655,0.269418
roc,0.043783,0.269494
roc,0.044231,0.269799
roc,0.044295,0.270637
roc,0.044423,0.271017
roc,0.045383,0.271322
roc,0.045553,0.271398
roc,0.045575,0.272007
roc,0.04566,0.272464
roc,0.046066,0.273683
roc,0.046108,0.273987
roc,0.046151,0.27452
roc,0.046215,0.274825
roc,0.046258,0.275358
roc,0.046343,0.275586
roc,0.046364,0.277642
roc,0.046535,0.278023
roc,0.046791,0.278252
roc,0.046812,0.278632
roc,0.047367,0.278708
roc,0.04741,0.279165
roc,0.047516,0.279394
roc,0.04758,0.279927
roc,0.048861,0.280003
roc,0.048903,0.280308
roc,0.048925,0.280841
roc,0.049031,0.282288
roc,0.049202,0.282821
roc,0.049458,0.283125
roc,0.049586,0.28343
roc,0.050034,0.283658
roc,0.051933,0.284267
roc,0.051976,0.284572
roc,0.05204,0.285867
roc,0.052232,0.285943
roc,0.052274,0.288075
roc,0.052402,0.291426
roc,0.052552,0.291502
roc,0.052595,0.292339
roc,0.052637,0.292644
roc,0.052637,0.29866
roc,0.053213,0.29866
roc,0.053256,0.298964
roc,0.053448,0.299041
roc,0.053469,0.299726
roc,0.053533,0.30003
roc,0.05428,0.300183
roc,0.054301,0.301325
roc,0.054536,0.301934
roc,0.054621,0.302239
roc,0.054643,0.302772
roc,0.054963,0.303457
roc,0.05539,0.303533
roc,0.055518,0.304676
roc,0.05556,0.305209
roc,0.055944,0.309168
roc,0.055966,0.309549
roc,0.056243,0.309701
roc,0.056264,0.31191
roc,0.056584,0.312367
roc,0.056606,0.313281
roc,0.056798,0.313737
roc,0.05684,0.314575
roc,0.057182,0.315184
roc,0.05731,0.315489
roc,0.057353,0.31587
roc,0.057459,0.315946
roc,0.05763,0.316022
roc,0.057694,0.316403
roc,0.058078,0.316631
roc,0.058462,0.31686
roc,0.058974,0.317088
roc,0.058995,0.318078
roc,0.059059,0.321657
roc,0.05923,0.322038
roc,0.059273,0.322723
roc,0.060489,0.322875
roc,0.06066,0.32318
roc,0.060852,0.323713
roc,0.061044,0.325008
roc,0.061044,0.329881
roc,0.061193,0.330186
roc,0.061257,0.330338
roc,0.061556,0.331861
roc,0.061727,0.332166
roc,0.061876,0.332623
roc,0.061876,0.334069
roc,0.062025,0.334679
roc,0.062025,0.33841
roc,0.062153,0.338715
roc,0.062751,0.339019
roc,0.062985,0.340847
roc,0.062985,0.343055
roc,0.063028,0.343284
roc,0.06322,0.343664
roc,0.06354,0.345949
roc,0.063583,0.348309
roc,0.063626,0.348538
roc,0.063839,0.34869
roc,0.064372,0.34869
roc,0.064458,0.348919
roc,0.064607,0.349832
roc,0.06465,0.350518
roc,0.064756,0.35067
roc,0.064778,0.351965
roc,0.064863,0.352269
roc,0.065012,0.352726
roc,0.065226,0.353335
roc,0.065503,0.353412
roc,0.065674,0.353945
roc,0.065695,0.356838
roc,0.065716,0.357524
roc,0.065823,0.357752
roc,0.066271,0.357752
roc,0.066357,0.361331
roc,0.066485,0.36156
roc,0.066719,0.361712
roc,0.066719,0.367042
roc,0.066783,0.369175
roc,0.066847,0.369555
roc,0.066954,0.369784
roc,0.067018,0.369936
roc,0.067466,0.370088
roc,0.067466,0.372373
roc,0.067487,0.372754
roc,0.067551,0.37321
roc,0.067594,0.373591
roc,0.067679,0.374277
roc,0.067786,0.374657
roc,0.068106,0.375267
roc,0.068128,0.376942
roc,0.068405,0.377018
roc,0.068704,0.377627
roc,0.069194,0.378008
roc,0.069216,0.378693
roc,0.069472,0.378846
roc,0.069472,0.380445
roc,0.069493,0.381511
roc,0.0696,0.381892
roc,0.069685,0.382044
roc,0.070069,0.382348
roc,0.070112,0.382577
roc,0.070133,0.382882
roc,0.070176,0.383415
roc,0.070261,0.383643
roc,0.070923,0.384024
roc,0.071029,0.385623
roc,0.071093,0.386461
roc,0.071115,0.386917
roc,0.071136,0.387298
roc,0.071797,0.387527
roc,0.071861,0.387831
roc,0.072032,0.388288
roc,0.072117,0.388897
roc,0.072181,0.389202
roc,0.072203,0.390116
roc,0.073184,0.390496
roc,0.073419,0.390649
roc,0.073483,0.391258
roc,0.073568,0.391943
roc,0.073654,0.392096
roc,0.07376,0.392553
roc,0.073782,0.396132
roc,0.074102,0.396284
roc,0.074102,0.399711
roc,0.074208,0.399787
roc,0.074272,0.400396
roc,0.074294,0.401005
roc,0.074336,0.407173
roc,0.074358,0.407554
roc,0.074379,0.407935
roc,0.075702,0.407935
roc,0.075851,0.408239
roc,0.075873,0.411285
roc,0.075894,0.411666
roc,0.076043,0.412047
roc,0.076193,0.412199
roc,0.076214,0.413646
roc,0.076235,0.414103
roc,0.077302,0.414636
roc,0.077302,0.415398
roc,0.077324,0.416311
roc,0.07758,0.41654
roc,0.07758,0.420956
roc,0.077601,0.425145
roc,0.077708,0.434207
roc,0.077921,0.434359
roc,0.080887,0.434816
roc,0.080908,0.435653
roc,0.080972,0.438776
roc,0.082252,0.438776
roc,0.08238,0.439613
roc,0.082444,0.440603
roc,0.082551,0.440755
roc,0.084663,0.446314
roc,0.084685,0.451645
roc,0.084706,0.453016
roc,0.085005,0.453168
roc,0.085133,0.45332
roc,0.085239,0.453472
roc,0.085495,0.455605
roc,0.085495,0.459717
roc,0.085645,0.462687
roc,0.085815,0.462839
roc,0.085837,0.463524
roc,0.085922,0.463981
roc,0.085965,0.464514
roc,0.086392,0.46459
roc,0.086754,0.464819
roc,0.08701,0.464971
roc,0.087224,0.465276
roc,0.087352,0.474414
roc,0.088269,0.474566
roc,0.088355,0.477155
roc,0.088376,0.478297
roc,0.0894,0.479135
roc,0.089443,0.480963
roc,0.089933,0.480963
roc,0.089997,0.490938
roc,0.090125,0.491624
roc,0.090253,0.49307
roc,0.091726,0.496878
roc,0.091875,0.497106
roc,0.092067,0.498096
roc,0.09211,0.499848
roc,0.093305,0.500305
roc,0.093305,0.503274
roc,0.093369,0.504417
roc,0.094478,0.504493
roc,0.095033,0.504645
roc,0.095246,0.505635
roc,0.095438,0.507463
roc,0.09546,0.509595
roc,0.096718,0.51127
roc,0.096804,0.512032
roc,0.100772,0.512108
roc,0.100815,0.512412
roc,0.100815,0.518352
roc,0.102266,0.518733
roc,0.102373,0.541426
roc,0.102885,0.541882
roc,0.103119,0.542644
roc,0.106533,0.549117
roc,0.107408,0.549269
roc,0.107472,0.549497
roc,0.108304,0.549878
roc,0.108411,0.549954
roc,0.109542,0.558712
roc,0.110737,0.558788
roc,0.113404,0.561301
roc,0.115132,0.561681
roc,0.11558,0.561681
roc,0.117052,0.561834
roc,0.117351,0.567012
roc,0.117351,0.572952
roc,0.1175,0.573104
roc,0.122045,0.575769
roc,0.122706,0.575845
roc,0.123069,0.579957
roc,0.125651,0.580414
roc,0.126952,0.581861
roc,0.127059,0.584222
roc,0.127528,0.584755
roc,0.12772,0.585973
roc,0.129257,0.586278
roc,0.129641,0.586506
roc,0.129833,0.586735
roc,0.130046,0.58841
roc,0.134591,0.588562
roc,0.134676,0.588943
roc,0.135572,0.590238
roc,0.137962,0.59039
roc,0.138047,0.590466
roc,0.138069,0.591151
roc,0.139776,0.591456
roc,0.139989,0.591608
roc,0.140437,0.591913
roc,0.14048,0.604554
roc,0.141077,0.607067
roc,0.14176,0.607143
roc,0.143381,0.60859
roc,0.143381,0.609351
roc,0.143424,0.610646
roc,0.14543,0.610874
roc,0.145494,0.613006
roc,0.153196,0.613083
roc,0.153218,0.630978
roc,0.15341,0.633719
roc,0.153431,0.636689
roc,0.153772,0.641791
roc,0.156845,0.642019
roc,0.156909,0.642324
roc,0.157698,0.6424
roc,0.15772,0.649178
roc,0.15772,0.65527
roc,0.158381,0.655498
roc,0.158701,0.660372
roc,0.158744,0.660676
roc,0.158872,0.665169
roc,0.15917,0.666387
roc,0.168089,0.666692
roc,0.171674,0.666997
roc,0.171972,0.674231
roc,0.171972,0.675069
roc,0.17274,0.677658
roc,0.173722,0.683673
roc,0.174383,0.687405
roc,0.174618,0.688852
roc,0.174682,0.690527
roc,0.174725,0.691212
roc,0.175237,0.691365
roc,0.175856,0.69502
roc,0.176538,0.695096
roc,0.17673,0.69799
roc,0.176752,0.699893
roc,0.177563,0.702559
roc,0.178181,0.716951
roc,0.178544,0.717789
roc,0.18104,0.717941
roc,0.185393,0.718702
roc,0.185756,0.718779
roc,0.185777,0.719692
roc,0.185798,0.720835
roc,0.186374,0.732638
roc,0.186865,0.734922
roc,0.188529,0.75
roc,0.188551,0.751371
roc,0.18981,0.751523
roc,0.192071,0.75297
roc,0.192669,0.754036
roc,0.192733,0.756625
roc,0.19301,0.756701
roc,0.19301,0.7765
roc,0.19301,0.793558
roc,0.195592,0.802772
roc,0.197107,0.810844
roc,0.201118,0.811301
roc,0.203764,0.814423
roc,0.204383,0.814651
roc,0.204425,0.81488
roc,0.204468,0.815032
roc,0.204831,0.827064
roc,0.204852,0.844883
roc,0.205599,0.856153
roc,0.207668,0.857904
roc,0.208052,0.858666
roc,0.208138,0.858818
roc,0.20818,0.859732
roc,0.208735,0.860874
roc,0.211189,0.865367
roc,0.212042,0.880597
roc,0.212042,0.8841
roc,0.214496,0.884328
roc,0.214539,0.886384
roc,0.214859,0.888212
roc,0.220428,0.888288
roc,0.221004,0.894532
roc,0.221004,0.89537
roc,0.228471,0.897502
roc,0.229858,0.897655
roc,0.22988,0.89834
roc,0.230029,0.90565
roc,0.233016,0.905726
roc,0.23355,0.907554
roc,0.235299,0.90862
roc,0.23611,0.909077
roc,0.236771,0.909306
roc,0.238692,0.919586
roc,0.239673,0.919966
roc,0.240569,0.920576
roc,0.242063,0.920652
roc,0.242063,0.921946
roc,0.243428,0.922023
roc,0.243492,0.922556
roc,0.243599,0.922632
roc,0.244218,0.922708
roc,0.245157,0.922936
roc,0.245178,0.924916
roc,0.245434,0.925297
roc,0.246992,0.925525
roc,0.247034,0.925754
roc,0.247418,0.925906
roc,0.248826,0.928648
roc,0.249424,0.928648
roc,0.24968,0.933902
roc,0.249872,0.934283
roc,0.250277,0.9371
roc,0.250469,0.937481
roc,0.250768,0.937557
roc,0.250896,0.937709
roc,0.251024,0.937786
roc,0.251109,0.93908
roc,0.251195,0.939232
roc,0.251664,0.939689
roc,0.251686,0.940603
roc,0.252646,0.940679
roc,0.252774,0.940984
roc,0.253649,0.941517
roc,0.253819,0.941822
roc,0.253862,0.942659
roc,0.254139,0.942888
roc,0.254203,0.943192
roc,0.254331,0.943268
roc,0.254374,0.943878
roc,0.254459,0.943954
roc,0.254481,0.944411
roc,0.254566,0.944639
roc,0.254651,0.944791
roc,0.254694,0.945324
roc,0.254758,0.945857
roc,0.254801,0.94639
roc,0.254843,0.946771
roc,0.254907,0.94738
roc,0.254971,0.947609
roc,0.255014,0.948066
roc,0.255099,0.94837
roc,0.255206,0.948523
roc,0.255249,0.948751
roc,0.255355,0.948827
roc,0.255483,0.949056
roc,0.255612,0.949284
roc,0.255676,0.949665
roc,0.255697,0.950122
roc,0.25574,0.950274
roc,0.255953,0.950426
roc,0.256124,0.950731
roc,0.256188,0.951036
roc,0.256273,0.951416
roc,0.256358,0.951645
roc,0.256401,0.951873
roc,0.256465,0.952406
roc,0.256508,0.952635
roc,0.256614,0.952787
roc,0.256657,0.95332
roc,0.256913,0.95332
roc,0.256977,0.953701
roc,0.257062,0.954005
roc,0.257126,0.954539
roc,0.257276,0.954843
roc,0.257297,0.955224
roc,0.257382,0.955452
roc,0.257468,0.955681
roc,0.25751,0.956062
roc,0.257553,0.956823
roc,0.257638,0.957128
roc,0.257702,0.957356
roc,0.257766,0.957737
roc,0.257852,0.958041
roc,0.257895,0.958346
roc,0.257937,0.958727
roc,0.258044,0.958955
roc,0.258087,0.959108
roc,0.258129,0.959564
roc,0.258215,0.959641
roc,0.258364,0.959869
roc,0.258428,0.960554
roc,0.258535,0.960707
roc,0.258684,0.96124
roc,0.258727,0.961925
roc,0.258791,0.962382
roc,0.258833,0.962839
roc,0.258876,0.963372
roc,0.258961,0.963829
roc,0.259068,0.964286
roc,0.259153,0.96459
roc,0.259196,0.964819
roc,0.259303,0.965276
roc,0.259388,0.965428
roc,0.259559,0.96558
roc,0.259623,0.966342
roc,0.259687,0.967027
roc,0.259729,0.967712
roc,0.259751,0.968093
roc,0.259857,0.968474
roc,0.2599,0.968855
roc,0.259964,0.969159
roc,0.260007,0.96954
roc,0.260071,0.969845
roc,0.260135,0.969997
roc,0.260263,0.970302
roc,0.260306,0.97053
roc,0.260412,0.970682
roc,0.260434,0.971215
roc,0.260498,0.97152
roc,0.260604,0.971901
roc,0.260647,0.972205
roc,0.260732,0.972434
roc,0.260775,0.972738
roc,0.260839,0.972967
roc,0.260946,0.9735
roc,0.26101,0.973728
roc,0.261159,0.974261
roc,0.261244,0.974414
roc,0.261351,0.974718
roc,0.261458,0.974947
roc,0.2615,0.975251
roc,0.261564,0.975784
roc,0.261628,0.976013
roc,0.261692,0.976241
roc,0.261778,0.976546
roc,0.261863,0.977307
roc,0.261906,0.977612
roc,0.261991,0.977688
roc,0.262098,0.977917
roc,0.262183,0.978526
roc,0.26229,0.97883
roc,0.262333,0.978983
roc,0.262397,0.979135
roc,0.262461,0.979363
roc,0.262525,0.980049
roc,0.262674,0.980277
roc,0.262759,0.980582
roc,0.262802,0.981039
roc,0.262909,0.981267
roc,0.263101,0.981572
roc,0.263186,0.982029
roc,0.26325,0.982486
roc,0.263335,0.98279
roc,0.263463,0.983095
roc,0.263506,0.983475
roc,0.263591,0.984085
roc,0.263677,0.984618
roc,0.263719,0.985075
roc,0.263847,0.985151
roc,0.263911,0.985303
roc,0.263975,0.985455
roc,0.264018,0.985988
roc,0.264082,0.986521
roc,0.264146,0.986826
roc,0.26421,0.987055
roc,0.264381,0.987283
roc,0.264423,0.987588
roc,0.26453,0.987664
roc,0.264637,0.988121
roc,0.264701,0.988349
roc,0.264744,0.988501
roc,0.264786,0.988654
roc,0.264914,0.988806
roc,0.264978,0.988958
roc,0.265064,0.989339
roc,0.265106,0.989872
roc,0.265298,0.989948
roc,0.265426,0.990177
roc,0.265469,0.990329
roc,0.265533,0.990481
roc,0.26564,0.990557
roc,0.265682,0.99071
roc,0.265746,0.991014
roc,0.265832,0.991167
roc,0.265981,0.991471
roc,0.26628,0.992233
roc,0.26645,0.992461
roc,0.266536,0.992613
roc,0.266835,0.99269
roc,0.266877,0.992842
roc,0.267027,0.992918
roc,0.267155,0.993147
roc,0.26724,0.993299
roc,0.267283,0.99368
roc,0.267347,0.993832
roc,0.267453,0.994213
roc,0.26756,0.994365
roc,0.267645,0.994593
roc,0.267752,0.994898
roc,0.267859,0.99505
roc,0.267944,0.995279
roc,0.268029,0.995431
roc,0.268093,0.995888
roc,0.2682,0.996116
roc,0.268392,0.996269
roc,0.268456,0.996421
roc,0.268627,0.996573
roc,0.268669,0.996802
roc,0.268733,0.996954
roc,0.268819,0.997335
roc,0.268947,0.997487
roc,0.269203,0.997639
roc,0.269331,0.997944
roc,0.269374,0.998325
roc,0.269523,0.998477
roc,0.2698,0.998553
roc,0.26995,0.998782
roc,0.270184,0.998934
roc,0.270483,0.999086
roc,0.270888,0.999239
roc,0.271721,0.999315
roc,0.272041,0.999467
roc,0.272425,0.999467
roc,0.27315,0.999467
roc,0.273427,0.999467
roc,0.273748,0.999543
roc,0.274004,0.999619
roc,0.274729,0.999619
roc,0.274985,0.999695
roc,0.275668,0.999772
roc,0.275903,0.999772
roc,0.276329,0.999772
roc,0.276649,0.999772
roc,0.27714,0.999772
roc,0.277652,0.999848
roc,0.277994,0.999848
roc,0.278314,0.999924
roc,0.278634,1.0
roc,0.2797,1.0
roc,0.281151,1.0
roc,0.281343,1.0
roc,0.281621,1.0
roc,0.2832,1.0
roc,0.285312,1.0
roc,0.286784,1.0
roc,0.287723,1.0
roc,0.290625,1.0
roc,0.291692,1.0
roc,0.292054,1.0
roc,0.292353,1.0
roc,0.293142,1.0
roc,0.297794,1.0
roc,0.299842,1.0
roc,0.300141,1.0
roc,0.301613,1.0
roc,0.303576,1.0
roc,0.305326,1.0
roc,0.305646,1.0
roc,0.306136,1.0
roc,0.308014,1.0
roc,0.311577,1.0
roc,0.312473,1.0
roc,0.312985,1.0
roc,0.315119,1.0
roc,0.316101,1.0
roc,0.317466,1.0
roc,0.318063,1.0
roc,0.319045,1.0
roc,0.319706,1.0
roc,0.320667,1.0
roc,0.322203,1.0
roc,0.323035,1.0
roc,0.323974,1.0
roc,0.325233,1.0
roc,0.325745,1.0
roc,0.326385,1.0
roc,0.326619,1.0
roc,0.327003,1.0
roc,0.32871,1.0
roc,0.328945,1.0
roc,0.329607,1.0
roc,0.331783,1.0
roc,0.332188,1.0
roc,0.333639,1.0
roc,0.335453,1.0
roc,0.336818,1.0
roc,0.338333,1.0
roc,0.339357,1.0
roc,0.339784,1.0
roc,0.340552,1.0
roc,0.341683,1.0
roc,0.341832,1.0
roc,0.342152,1.0
roc,0.343646,1.0
roc,0.344542,1.0
roc,0.345524,1.0
roc,0.346078,1.0
roc,0.346505,1.0
roc,0.346697,1.0
roc,0.347508,1.0
roc,0.348767,1.0
roc,0.349898,1.0
roc,0.35026,1.0
roc,0.350623,1.0
roc,0.35137,1.0
roc,0.352053,1.0
roc,0.352394,1.0
roc,0.353055,1.0
roc,0.353695,1.0
roc,0.354805,1.0
roc,0.35536,1.0
roc,0.356299,1.0
roc,0.356853,1.0
roc,0.357749,1.0
roc,0.358027,1.0
roc,0.358646,1.0
roc,0.359115,1.0
roc,0.359755,1.0
roc,0.359968,1.0
roc,0.36095,1.0
roc,0.361633,1.0
roc,0.362166,1.0
roc,0.362443,1.0
roc,0.363404,1.0
roc,0.364513,1.0
roc,0.365239,1.0
roc,0.365516,1.0
roc,0.366199,1.0
roc,0.366903,1.0
roc,0.368076,1.0
roc,0.369143,1.0
roc,0.369399,1.0
roc,0.370082,1.0
roc,0.370573,1.0
roc,0.371469,1.0
roc,0.37213,1.0
roc,0.372322,1.0
roc,0.372898,1.0
roc,0.373581,1.0
roc,0.374243,1.0
roc,0.374435,1.0
roc,0.375907,1.0
roc,0.376952,1.0
roc,0.377464,1.0
roc,0.378617,1.0
roc,0.379214,1.0
roc,0.379961,1.0
roc,0.380451,1.0
roc,0.380644,1.0
roc,0.381689,1.0
roc,0.381945,1.0
roc,0.382521,1.0
roc,0.382756,1.0
roc,0.383012,1.0
roc,0.383631,1.0
roc,0.384228,1.0
roc,0.384569,1.0
roc,0.385124,1.0
roc,0.386106,1.0
roc,0.386767,1.0
roc,0.387023,1.0
roc,0.387429,1.0
roc,0.38777,1.0
roc,0.388047,1.0
roc,0.388687,1.0
roc,0.389285,1.0
roc,0.390288,1.0
roc,0.390416,1.0
roc,0.39176,1.0
roc,0.392357,1.0
roc,0.39304,1.0
roc,0.393381,1.0
roc,0.393915,1.0
roc,0.394384,1.0
roc,0.394704,1.0
roc,0.395003,1.0
roc,0.395814,1.0
roc,0.396369,1.0
roc,0.396774,1.0
roc,0.397947,1.0
roc,0.398161,1.0
roc,0.398716,1.0
roc,0.399334,1.0
roc,0.39959,1.0
roc,0.40006,1.0
roc,0.40055,1.0
roc,0.401041,1.0
roc,0.402065,1.0
roc,0.402364,1.0
roc,0.402641,1.0
roc,0.40326,1.0
roc,0.403559,1.0
roc,0.404796,1.0
roc,0.405693,1.0
roc,0.406439,1.0
roc,0.40725,1.0
roc,0.407506,1.0
roc,0.40789,1.0
roc,0.40821,1.0
roc,0.408573,1.0
roc,0.408978,1.0
roc,0.409768,1.0
roc,0.409896,1.0
roc,0.410131,1.0
roc,0.410963,1.0
roc,0.411176,1.0
roc,0.411496,1.0
roc,0.411773,1.0
roc,0.413246,1.0
roc,0.413587,1.0
roc,0.413822,1.0
roc,0.414185,1.0
roc,0.414867,1.0
roc,0.415401,1.0
roc,0.415977,1.0
roc,0.416617,1.0
roc,0.416958,1.0
roc,0.417918,1.0
roc,0.418345,1.0
roc,0.418644,1.0
roc,0.419092,1.0
roc,0.419711,1.0
roc,0.419924,1.0
roc,0.420223,1.0
roc,0.420735,1.0
roc,0.42129,1.0
roc,0.422036,1.0
roc,0.422442,1.0
roc,0.422826,1.0
roc,0.423103,1.0
roc,0.423359,1.0
roc,0.423786,1.0
roc,0.424447,1.0
roc,0.425194,1.0
roc,0.42545,1.0
roc,0.425898,1.0
roc,0.426154,1.0
roc,0.427221,1.0
roc,0.427456,1.0
roc,0.427797,1.0
roc,0.42848,1.0
roc,0.428992,1.0
roc,0.42976,1.0
roc,0.430272,1.0
roc,0.430528,1.0
roc,0.430763,1.0
roc,0.431574,1.0
roc,0.432107,1.0
roc,0.432555,1.0
roc,0.433323,1.0
roc,0.433665,1.0
roc,0.433942,1.0
roc,0.434369,1.0
roc,0.434753,1.0
roc,0.435116,1.0
roc,0.435372,1.0
roc,0.435585,1.0
roc,0.436332,1.0
roc,0.436631,1.0
roc,0.437164,1.0
roc,0.437527,1.0
roc,0.437975,1.0
roc,0.438188,1.0
roc,0.438679,1.0
roc,0.438956,1.0
roc,0.439298,1.0
roc,0.439788,1.0
roc,0.440514,1.0
roc,0.440855,1.0
roc,0.44109,1.0
roc,0.441495,1.0
roc,0.441837,1.0
roc,0.442093,1.0
roc,0.442349,1.0
roc,0.443202,1.0
roc,0.443906,1.0
roc,0.444269,1.0
roc,0.444952,1.0
roc,0.445186,1.0
roc,0.445464,1.0
roc,0.445763,1.0
roc,0.446189,1.0
roc,0.446637,1.0
roc,0.447085,1.0
roc,0.447875,1.0
roc,0.448195,1.0
roc,0.448387,1.0
roc,0.448814,1.0
roc,0.449326,1.0
roc,0.449624,1.0
roc,0.450051,1.0
roc,0.450286,1.0
roc,0.45067,1.0
roc,0.450905,1.0
roc,0.451331,1.0
roc,0.451737,1.0
roc,0.45227,1.0
roc,0.452505,1.0
roc,0.45274,1.0
roc,0.45291,1.0
roc,0.453508,1.0
roc,0.453785,1.0
roc,0.454212,1.0
roc,0.454553,1.0
roc,0.455513,1.0
roc,0.455769,1.0
roc,0.456388,1.0
roc,0.456559,1.0
roc,0.457348,1.0
roc,0.457796,1.0
roc,0.458052,1.0
roc,0.458458,1.0
roc,0.458628,1.0
roc,0.459162,1.0
roc,0.460698,1.0
roc,0.461168,1.0
roc,0.461914,1.0
roc,0.462426,1.0
roc,0.463259,1.0
roc,0.4636,1.0
roc,0.464048,1.0
roc,0.46424,1.0
roc,0.464645,1.0
roc,0.465179,1.0
roc,0.465563,1.0
roc,0.465819,1.0
roc,0.465947,1.0
roc,0.466587,1.0
roc,0.467099,1.0
roc,0.467398,1.0
roc,0.467697,1.0
roc,0.46791,1.0
roc,0.468187,1.0
roc,0.468657,1.0
roc,0.468977,1.0
roc,0.46919,1.0
roc,0.46998,1.0
roc,0.470342,1.0
roc,0.47079,1.0
roc,0.471494,1.0
roc,0.471686,1.0
roc,0.472049,1.0
roc,0.472476,1.0
roc,0.473009,1.0
roc,0.473777,1.0
roc,0.474439,1.0
roc,0.474844,1.0
roc,0.475271,1.0
roc,0.475548,1.0
roc,0.475783,1.0
roc,0.476103,1.0
roc,0.476338,1.0
roc,0.476679,1.0
roc,0.476893,1.0
roc,0.477213,1.0
roc,0.477426,1.0
roc,0.477938,1.0
roc,0.478151,1.0
roc,0.478557,1.0
roc,0.478984,1.0
roc,0.479368,1.0
roc,0.479794,1.0
roc,0.480008,1.0
roc,0.480242,1.0
roc,0.480541,1.0
roc,0.481117,1.0
roc,0.481565,1.0
roc,0.481928,1.0
roc,0.48212,1.0
roc,0.482504,1.0
roc,0.482696,1.0
roc,0.483037,1.0
roc,0.483272,1.0
roc,0.483528,1.0
roc,0.483934,1.0
roc,0.484275,1.0
roc,0.484552,1.0
roc,0.485086,1.0
roc,0.485427,1.0
roc,0.485833,1.0
roc,0.486046,1.0
roc,0.486387,1.0
roc,0.486835,1.0
roc,0.487347,1.0
roc,0.487667,1.0
roc,0.487988,1.0
roc,0.488222,1.0
roc,0.488393,1.0
roc,0.488905,1.0
roc,0.489268,1.0
roc,0.489609,1.0
roc,0.490079,1.0
roc,0.490228,1.0
roc,0.490505,1.0
roc,0.491231,1.0
roc,0.491401,1.0
roc,0.4917,1.0
roc,0.492169,1.0
roc,0.49249,1.0
roc,0.492874,1.0
roc,0.49313,1.0
roc,0.493642,1.0
roc,0.494026,1.0
roc,0.494282,1.0
roc,0.494687,1.0
roc,0.495007,1.0
roc,0.495349,1.0
roc,0.495626,1.0
roc,0.495925,1.0
roc,0.496202,1.0
roc,0.496394,1.0
roc,0.496586,1.0
roc,0.49712,1.0
roc,0.497397,1.0
roc,0.497674,1.0
roc,0.498272,1.0
roc,0.498506,1.0
roc,0.498848,1.0
roc,0.499168,1.0
roc,0.499616,1.0
roc,0.499893,1.0
roc,0.500064,1.0
roc,0.500277,1.0
roc,0.500981,1.0
roc,0.50128,1.0
roc,0.501515,1.0
roc,0.50175,1.0
roc,0.501942,1.0
roc,0.502326,1.0
roc,0.502795,1.0
roc,0.503158,1.0
roc,0.503563,1.0
roc,0.503862,1.0
roc,0.504459,1.0
roc,0.504865,1.0
roc,0.50527,1.0
roc,0.505483,1.0
roc,0.505825,1.0
roc,0.506166,1.0
roc,0.506593,1.0
roc,0.50702,1.0
roc,0.507276,1.0
roc,0.50751,1.0
roc,0.507788,1.0
roc,0.508257,1.0
roc,0.508599,1.0
roc,0.509217,1.0
roc,0.509495,1.0
roc,0.509665,1.0
roc,0.509985,1.0
roc,0.510263,1.0
roc,0.510455,1.0
roc,0.510775,1.0
roc,0.511095,1.0
roc,0.511479,1.0
roc,0.511714,1.0
roc,0.512098,1.0
roc,0.51261,1.0
roc,0.512823,1.0
roc,0.513293,1.0
roc,0.513613,1.0
roc,0.51421,1.0
roc,0.514573,1.0
roc,0.514893,1.0
roc,0.515405,1.0
roc,0.51564,1.0
roc,0.516002,1.0
roc,0.516322,1.0
roc,0.516813,1.0
roc,0.517027,1.0
roc,0.517517,1.0
roc,0.517667,1.0
roc,0.518136,1.0
roc,0.518349,1.0
roc,0.518925,1.0
roc,0.519438,1.0
roc,0.5198,1.0
roc,0.520248,1.0
roc,0.520696,1.0
roc,0.52091,1.0
roc,0.521209,1.0
roc,0.521465,1.0
roc,0.521913,1.0
roc,0.522147,1.0
roc,0.522574,1.0
roc,0.522979,1.0
roc,0.523214,1.0
roc,0.523641,1.0
roc,0.523982,1.0
roc,0.524174,1.0
roc,0.52475,1.0
roc,0.524964,1.0
roc,0.525241,1.0
roc,0.525433,1.0
roc,0.526009,1.0
roc,0.526308,1.0
roc,0.526671,1.0
roc,0.527268,1.0
roc,0.527524,1.0
roc,0.52778,1.0
roc,0.5281,1.0
roc,0.528292,1.0
roc,0.528591,1.0
roc,0.529039,1.0
roc,0.529402,1.0
roc,0.529679,1.0
roc,0.53017,1.0
roc,0.530341,1.0
roc,0.530682,1.0
roc,0.53113,1.0
roc,0.531685,1.0
roc,0.532069,1.0
roc,0.532432,1.0
roc,0.53273,1.0
roc,0.533008,1.0
roc,0.533306,1.0
roc,0.533626,1.0
roc,0.533968,1.0
roc,0.534138,1.0
roc,0.534501,1.0
roc,0.534907,1.0
roc,0.535248,1.0
roc,0.535504,1.0
roc,0.535781,1.0
roc,0.536379,1.0
roc,0.536699,1.0
roc,0.537126,1.0
roc,0.53751,1.0
roc,0.537936,1.0
roc,0.538363,1.0
roc,0.538747,1.0
roc,0.539195,1.0
roc,0.539707,1.0
roc,0.540049,1.0
roc,0.540795,1.0
roc,0.541179,1.0
roc,0.541777,1.0
roc,0.54199,1.0
roc,0.54214,1.0
roc,0.542332,1.0
roc,0.542588,1.0
roc,0.542737,1.0
roc,0.542993,1.0
roc,0.543484,1.0
roc,0.543761,1.0
roc,0.543953,1.0
roc,0.544337,1.0
roc,0.5447,1.0
roc,0.544892,1.0
roc,0.545105,1.0
roc,0.545468,1.0
roc,0.545724,1.0
roc,0.546023,1.0
roc,0.54645,1.0
roc,0.546727,1.0
roc,0.547388,1.0
roc,0.547772,1.0
roc,0.548327,1.0
roc,0.548519,1.0
roc,0.548733,1.0
roc,0.549202,1.0
roc,0.54965,1.0
roc,0.549927,1.0
roc,0.550226,1.0
roc,0.550418,1.0
roc,0.55076,1.0
roc,0.55093,1.0
roc,0.551357,1.0
roc,0.551634,1.0
roc,0.551826,1.0
roc,0.552274,1.0
roc,0.552445,1.0
roc,0.552701,1.0
roc,0.552979,1.0
roc,0.553192,1.0
roc,0.553427,1.0
roc,0.553704,1.0
roc,0.554216,1.0
roc,0.554387,1.0
roc,0.554621,1.0
roc,0.555048,1.0
roc,0.55524,1.0
roc,0.555475,1.0
roc,0.55588,1.0
roc,0.556158,1.0
roc,0.556499,1.0
roc,0.556712,1.0
roc,0.556947,1.0
roc,0.557374,1.0
roc,0.557651,1.0
roc,0.558057,1.0
roc,0.558206,1.0
roc,0.558377,1.0
roc,0.558739,1.0
roc,0.559081,1.0
roc,0.55923,1.0
roc,0.5597,1.0
roc,0.559956,1.0
roc,0.560297,1.0
roc,0.560596,1.0
roc,0.561001,1.0
roc,0.561129,1.0
roc,0.561577,1.0
roc,0.561897,1.0
roc,0.562111,1.0
roc,0.562687,1.0
roc,0.562921,1.0
roc,0.563305,1.0
roc,0.563647,1.0
roc,0.564287,1.0
roc,0.564692,1.0
roc,0.565055,1.0
roc,0.565375,1.0
roc,0.565588,1.0
roc,0.565844,1.0
roc,0.566463,1.0
roc,0.566677,1.0
roc,0.567189,1.0
roc,0.567551,1.0
roc,0.567786,1.0
roc,0.568213,1.0
roc,0.568512,1.0
roc,0.568938,1.0
roc,0.569152,1.0
roc,0.569386,1.0
roc,0.570133,1.0
roc,0.570539,1.0
roc,0.570816,1.0
roc,0.571072,1.0
roc,0.571285,1.0
roc,0.571669,1.0
roc,0.572032,1.0
roc,0.572181,1.0
roc,0.572566,1.0
roc,0.5728,1.0
roc,0.573163,1.0
roc,0.573483,1.0
roc,0.573675,1.0
roc,0.57423,1.0
roc,0.574507,1.0
roc,0.574891,1.0
roc,0.575489,1.0
roc,0.576278,1.0
roc,0.576726,1.0
roc,0.577068,1.0
roc,0.57775,1.0
roc,0.57807,1.0
roc,0.578241,1.0
roc,0.578454,1.0
roc,0.578902,1.0
roc,0.57918,1.0
roc,0.5795,1.0
roc,0.58014,1.0
roc,0.580439,1.0
roc,0.580716,1.0
roc,0.581079,1.0
roc,0.581399,1.0
roc,0.581762,1.0
roc,0.582231,1.0
roc,0.582359,1.0
roc,0.582828,1.0
roc,0.582999,1.0
roc,0.583468,1.0
roc,0.583789,1.0
roc,0.584002,1.0
roc,0.584343,1.0
roc,0.584877,1.0
roc,0.585303,1.0
roc,0.585559,1.0
roc,0.585965,1.0
roc,0.586221,1.0
roc,0.586541,1.0
roc,0.586968,1.0
roc,0.587181,1.0
roc,0.587458,1.0
roc,0.587757,1.0
roc,0.588056,1.0
roc,0.588269,1.0
roc,0.589101,1.0
roc,0.589485,1.0
roc,0.589848,1.0
roc,0.589997,1.0
roc,0.590424,1.0
roc,0.590936,1.0
roc,0.59115,1.0
roc,0.591384,1.0
roc,0.591576,1.0
roc,0.591939,1.0
roc,0.592302,1.0
roc,0.592536,1.0
roc,0.592835,1.0
roc,0.593347,1.0
roc,0.593625,1.0
roc,0.594179,1.0
roc,0.594393,1.0
roc,0.594563,1.0
roc,0.594798,1.0
roc,0.595054,1.0
roc,0.595246,1.0
roc,0.595758,1.0
roc,0.59595,1.0
roc,0.596142,1.0
roc,0.596484,1.0
roc,0.596846,1.0
roc,0.597145,1.0
roc,0.597359,1.0
roc,0.597572,1.0
roc,0.597871,1.0
roc,0.598063,1.0
roc,0.598425,1.0
roc,0.59866,1.0
roc,0.599023,1.0
roc,0.5993,1.0
roc,0.59962,1.0
roc,0.599962,1.0
roc,0.600239,1.0
roc,0.60058,1.0
roc,0.600964,1.0
roc,0.601327,1.0
roc,0.601519,1.0
roc,0.601711,1.0
roc,0.601882,1.0
roc,0.602074,1.0
roc,0.602522,1.0
roc,0.602799,1.0
roc,0.603205,1.0
roc,0.603461,1.0
roc,0.603759,1.0
roc,0.604144,1.0
roc,0.604613,1.0
roc,0.604912,1.0
roc,0.605125,1.0
roc,0.605509,1.0
roc,0.605701,1.0
roc,0.606192,1.0
roc,0.606469,1.0
roc,0.606981,1.0
roc,0.607749,1.0
roc,0.60792,1.0
roc,0.608155,1.0
roc,0.608454,1.0
roc,0.609008,1.0
roc,0.609307,1.0
roc,0.60952,1.0
roc,0.609819,1.0
roc,0.610096,1.0
roc,0.610352,1.0
roc,0.610523,1.0
roc,0.610715,1.0
roc,0.611099,1.0
roc,0.611419,1.0
roc,0.611675,1.0
roc,0.611889,1.0
roc,0.612337,1.0
roc,0.612764,1.0
roc,0.612977,1.0
roc,0.613233,1.0
roc,0.61351,1.0
roc,0.613788,1.0
roc,0.6143,1.0
roc,0.614812,1.0
roc,0.615047,1.0
roc,0.615217,1.0
roc,0.615516,1.0
roc,0.6159,1.0
roc,0.616156,1.0
roc,0.61654,1.0
roc,0.616711,1.0
roc,0.617202,1.0
roc,0.617735,1.0
roc,0.618204,1.0
roc,0.619015,1.0
roc,0.619378,1.0
roc,0.619634,1.0
roc,0.619997,1.0
roc,0.620509,1.0
roc,0.621149,1.0
roc,0.621746,1.0
roc,0.622109,1.0
roc,0.622493,1.0
roc,0.622984,1.0
roc,0.623432,1.0
roc,0.624008,1.0
roc,0.624755,1.0
roc,0.625053,1.0
roc,0.625352,1.0
roc,0.625779,1.0
roc,0.626376,1.0
roc,0.626739,1.0
roc,0.626974,1.0
roc,0.62787,1.0
roc,0.62804,1.0
roc,0.628489,1.0
roc,0.628809,1.0
roc,0.629171,1.0
roc,0.629491,1.0
roc,0.630046,1.0
roc,0.630409,1.0
roc,0.630985,1.0
roc,0.631326,1.0
roc,0.63154,1.0
roc,0.632585,1.0
roc,0.632777,1.0
roc,0.633844,1.0
roc,0.634143,1.0
roc,0.634399,1.0
roc,0.634655,1.0
roc,0.634996,1.0
roc,0.635423,1.0
roc,0.636639,1.0
roc,0.637599,1.0
roc,0.638239,1.0
roc,0.638517,1.0
roc,0.639157,1.0
roc,0.639861,1.0
roc,0.640288,1.0
roc,0.640672,1.0
roc,0.640928,1.0
roc,0.64112,1.0
roc,0.641696,1.0
roc,0.642421,1.0
roc,0.642635,1.0
roc,0.643211,1.0
roc,0.643957,1.0
roc,0.644278,1.0
roc,0.644598,1.0
roc,0.64511,1.0
roc,0.64543,1.0
roc,0.6456,1.0
roc,0.645771,1.0
roc,0.646411,1.0
roc,0.646945,1.0
roc,0.647777,1.0
roc,0.649249,1.0
roc,0.649697,1.0
roc,0.650038,1.0
roc,0.650486,1.0
roc,0.651127,1.0
roc,0.651383,1.0
roc,0.651745,1.0
roc,0.651916,1.0
roc,0.652535,1.0
roc,0.65294,1.0
roc,0.653623,1.0
roc,0.654348,1.0
roc,0.654604,1.0
roc,0.654924,1.0
roc,0.655863,1.0
roc,0.656055,1.0
roc,0.656333,1.0
roc,0.657143,1.0
roc,0.657357,1.0
roc,0.657762,1.0
roc,0.658125,1.0
roc,0.658509,1.0
roc,0.659362,1.0
roc,0.659747,1.0
roc,0.65996,1.0
roc,0.660173,1.0
roc,0.660515,1.0
roc,0.660984,1.0
roc,0.661496,1.0
roc,0.66235,1.0
roc,0.663054,1.0
roc,0.663395,1.0
roc,0.66395,1.0
roc,0.664505,1.0
roc,0.665337,1.0
roc,0.66587,1.0
roc,0.66619,1.0
roc,0.666724,1.0
roc,0.666958,1.0
roc,0.66843,1.0
roc,0.66954,1.0
roc,0.670308,1.0
roc,0.670564,1.0
roc,0.670863,1.0
roc,0.671396,1.0
roc,0.671951,1.0
roc,0.672804,1.0
roc,0.673125,1.0
roc,0.673359,1.0
roc,0.673935,1.0
roc,0.674383,1.0
roc,0.674895,1.0
roc,0.676048,1.0
roc,0.67641,1.0
roc,0.676794,1.0
roc,0.677349,1.0
roc,0.67752,1.0
roc,0.677861,1.0
roc,0.678224,1.0
roc,0.678864,1.0
roc,0.679824,1.0
roc,0.680678,1.0
roc,0.681467,1.0
roc,0.68215,1.0
roc,0.682385,1.0
roc,0.682641,1.0
roc,0.682833,1.0
roc,0.683238,1.0
roc,0.684027,1.0
roc,0.684262,1.0
roc,0.684668,1.0
roc,0.68503,1.0
roc,0.687015,1.0
roc,0.687228,1.0
roc,0.687868,1.0
roc,0.688273,1.0
roc,0.689362,1.0
roc,0.689596,1.0
roc,0.689724,1.0
roc,0.691005,1.0
roc,0.691965,1.0
roc,0.692263,1.0
roc,0.692647,1.0
roc,0.693501,1.0
roc,0.694034,1.0
roc,0.694504,1.0
roc,0.695613,1.0
roc,0.696573,1.0
roc,0.697512,1.0
roc,0.698046,1.0
roc,0.698771,1.0
roc,0.69907,1.0
roc,0.699539,1.0
roc,0.700265,1.0
roc,0.700585,1.0
roc,0.701182,1.0
roc,0.701737,1.0
roc,0.702334,1.0
roc,0.702974,1.0
roc,0.70355,1.0
roc,0.704404,1.0
roc,0.704895,1.0
roc,0.705961,1.0
roc,0.706303,1.0
roc,0.706495,1.0
roc,0.706751,1.0
roc,0.708458,1.0
roc,0.708821,1.0
roc,0.709567,1.0
roc,0.710165,1.0
roc,0.711936,1.0
roc,0.712853,1.0
roc,0.713515,1.0
roc,0.714688,1.0
roc,0.71552,1.0
roc,0.715691,1.0
roc,0.716096,1.0
roc,0.716416,1.0
roc,0.717227,1.0
roc,0.71791,1.0
roc,0.718081,1.0
roc,0.718657,1.0
roc,0.719425,1.0
roc,0.719916,1.0
roc,0.720577,1.0
roc,0.721025,1.0
roc,0.721793,1.0
roc,0.722689,1.0
roc,0.723116,1.0
roc,0.723969,1.0
roc,0.724097,1.0
roc,0.724631,1.0
roc,0.72525,1.0
roc,0.725868,1.0
roc,0.72653,1.0
roc,0.727298,1.0
roc,0.72988,1.0
roc,0.730882,1.0
roc,0.73148,1.0
roc,0.732504,1.0
roc,0.733037,1.0
roc,0.733443,1.0
roc,0.734275,1.0
roc,0.734723,1.0
roc,0.736003,1.0
roc,0.736451,1.0
roc,0.737326,1.0
roc,0.738606,1.0
roc,0.738969,1.0
roc,0.740591,1.0
roc,0.741679,1.0
roc,0.742041,1.0
roc,0.743087,1.0
roc,0.743919,1.0
roc,0.744602,1.0
roc,0.745391,1.0
roc,0.745903,1.0
roc,0.746736,1.0
roc,0.746992,1.0
roc,0.747568,1.0
roc,0.748101,1.0
roc,0.748826,1.0
roc,0.749851,1.0
roc,0.750597,1.0
roc,0.751408,1.0
roc,0.752411,1.0
roc,0.753307,1.0
roc,0.754993,1.0
roc,0.757169,1.0
roc,0.758172,1.0
roc,0.759196,1.0
roc,0.760562,1.0
roc,0.761095,1.0
roc,0.761714,1.0
roc,0.762994,1.0
roc,0.764274,1.0
roc,0.768093,1.0
roc,0.76948,1.0
roc,0.770547,1.0
roc,0.77347,1.0
roc,0.774196,1.0
roc,0.77507,1.0
roc,0.776415,1.0
roc,0.776884,1.0
roc,0.77714,1.0
roc,0.778954,1.0
roc,0.780639,1.0
roc,0.781429,1.0
roc,0.782922,1.0
roc,0.783946,1.0
roc,0.785184,1.0
roc,0.786741,1.0
roc,0.787147,1.0
roc,0.787915,1.0
roc,0.788406,1.0
roc,0.788811,1.0
roc,0.789857,1.0
roc,0.79039,1.0
roc,0.791137,1.0
roc,0.791286,1.0
roc,0.793633,1.0
roc,0.795105,1.0
roc,0.795767,1.0
roc,0.796876,1.0
roc,0.797324,1.0
roc,0.797943,1.0
roc,0.798221,1.0
roc,0.798839,1.0
roc,0.799778,1.0
roc,0.801037,1.0
roc,0.802701,1.0
roc,0.804237,1.0
roc,0.80492,1.0
roc,0.805603,1.0
roc,0.80603,1.0
roc,0.806798,1.0
roc,0.807502,1.0
roc,0.807865,1.0
roc,0.809529,1.0
roc,0.809934,1.0
roc,0.810425,1.0
roc,0.810873,1.0
roc,0.812217,1.0
roc,0.812537,1.0
roc,0.814906,1.0
roc,0.815844,1.0
roc,0.817295,1.0
roc,0.818768,1.0
roc,0.820133,1.0
roc,0.820709,1.0
roc,0.821328,1.0
roc,0.821755,1.0
roc,0.823291,1.0
roc,0.823782,1.0
roc,0.824507,1.0
roc,0.825062,1.0
roc,0.825297,1.0
roc,0.827196,1.0
roc,0.827622,1.0
roc,0.828604,1.0
roc,0.829094,1.0
roc,0.829713,1.0
roc,0.831463,1.0
roc,0.832807,1.0
roc,0.833511,1.0
roc,0.83445,1.0
roc,0.835047,1.0
roc,0.835218,1.0
roc,0.83541,1.0
roc,0.836562,1.0
roc,0.837373,1.0
roc,0.838355,1.0
roc,0.839165,1.0
roc,0.84004,1.0
roc,0.84132,1.0
roc,0.84196,1.0
roc,0.842472,1.0
roc,0.843262,1.0
roc,0.843753,1.0
roc,0.844094,1.0
roc,0.847721,1.0
roc,0.84898,1.0
roc,0.849236,1.0
roc,0.851455,1.0
roc,0.852799,1.0
roc,0.854037,1.0
roc,0.854357,1.0
roc,0.856683,1.0
roc,0.857899,1.0
roc,0.858262,1.0
roc,0.858774,1.0
roc,0.860011,1.0
roc,0.861718,1.0
roc,0.86334,1.0
roc,0.864492,1.0
roc,0.865687,1.0
roc,0.866903,1.0
roc,0.868652,1.0
roc,0.869207,1.0
roc,0.870509,1.0
roc,0.871021,1.0
roc,0.871319,1.0
roc,0.871618,1.0
roc,0.872621,1.0
roc,0.873858,1.0
roc,0.875779,1.0
roc,0.877123,1.0
roc,0.880451,1.0
roc,0.882542,1.0
roc,0.883695,1.0
roc,0.883887,1.0
roc,0.884377,1.0
roc,0.886362,1.0
roc,0.886682,1.0
roc,0.887215,1.0
roc,0.890117,1.0
roc,0.891568,1.0
roc,0.892059,1.0
roc,0.892464,1.0
roc,0.893637,1.0
roc,0.896283,1.0
roc,0.897457,1.0
roc,0.897798,1.0
roc,0.898246,1.0
roc,0.898929,1.0
roc,0.899142,1.0
roc,0.900785,1.0
roc,0.901703,1.0
roc,0.90405,1.0
roc,0.904818,1.0
roc,0.906717,1.0
roc,0.907464,1.0
roc,0.907634,1.0
roc,0.908573,1.0
roc,0.909939,1.0
roc,0.910301,1.0
roc,0.911304,1.0
roc,0.912371,1.0
roc,0.913907,1.0
roc,0.915379,1.0
roc,0.916788,1.0
roc,0.917726,1.0
roc,0.918025,1.0
roc,0.919049,1.0
roc,0.919796,1.0
roc,0.920948,1.0
roc,0.921844,1.0
roc,0.922548,1.0
roc,0.924597,1.0
roc,0.925344,1.0
roc,0.926197,1.0
roc,0.92688,1.0
roc,0.928715,1.0
roc,0.929333,1.0
roc,0.929675,1.0
roc,0.930294,1.0
roc,0.931296,1.0
roc,0.93151,1.0
roc,0.933345,1.0
roc,0.93375,1.0
roc,0.93422,1.0
roc,0.937697,1.0
roc,0.938231,1.0
roc,0.938423,1.0
roc,0.93949,1.0
roc,0.940898,1.0
roc,0.941367,1.0
roc,0.941666,1.0
roc,0.942242,1.0
roc,0.944696,1.0
roc,0.945058,1.0
roc,0.945421,1.0
roc,0.946189,1.0
roc,0.946445,1.0
roc,0.947,1.0
roc,0.947171,1.0
roc,0.947341,1.0
roc,0.947598,1.0
roc,0.948643,1.0
roc,0.94907,1.0
roc,0.949347,1.0
roc,0.949731,1.0
roc,0.950393,1.0
roc,0.951737,1.0
roc,0.952036,1.0
roc,0.95274,1.0
roc,0.953742,1.0
roc,0.954148,1.0
roc,0.954468,1.0
roc,0.955257,1.0
roc,0.955855,1.0
roc,0.956388,1.0
roc,0.956666,1.0
roc,0.958372,1.0
roc,0.958714,1.0
roc,0.959482,1.0
roc,0.960143,1.0
roc,0.961445,1.0
roc,0.962064,1.0
roc,0.964155,1.0
roc,0.964517,1.0
roc,0.965093,1.0
roc,0.966352,1.0
roc,0.966672,1.0
roc,0.967782,1.0
roc,0.968209,1.0
roc,0.968955,1.0
roc,0.970342,1.0
roc,0.970982,1.0
roc,0.971857,1.0
roc,0.972327,1.0
roc,0.97478,1.0
roc,0.975292,1.0
roc,0.976957,1.0
roc,0.977938,1.0
roc,0.978578,1.0
roc,0.979026,1.0
roc,0.979709,1.0
roc,0.980669,1.0
roc,0.981181,1.0
roc,0.981587,1.0
roc,0.982419,1.0
roc,0.983507,1.0
roc,0.983976,1.0
roc,0.98419,1.0
roc,0.985811,1.0
roc,0.986345,1.0
roc,0.987838,1.0
roc,0.987966,1.0
roc,0.988137,1.0
roc,0.9885,1.0
roc,0.988798,1.0
roc,0.990057,1.0
roc,0.99042,1.0
roc,0.991401,1.0
roc,0.992383,1.0
roc,0.992831,1.0
roc,0.993087,1.0
roc,0.993684,1.0
roc,0.994196,1.0
roc,0.994965,1.0
roc,0.995711,1.0
roc,0.996394,1.0
roc,0.996672,1.0
roc,0.997056,1.0
roc,0.998272,1.0
roc,0.999317,1.0
pr,1.0,0.218867
pr,1.0,0.218936
pr,1.0,0.219005
pr,1.0,0.219071
pr,1.0,0.219148
pr,1.0,0.219225
pr,1.0,0.219305
pr,1.0,0.219371
pr,1.0,0.219448
pr,1.0,0.219522
pr,1.0,0.219591
pr,1.0,0.219665
pr,1.0,0.219731
pr,1.0,0.219804
pr,1.0,0.219885
pr,1.0,0.219963
pr,1.0,0.220029
pr,1.0,0.220118
pr,1.0,0.220188
pr,1.0,0.220254
pr,1.0,0.220324
pr,1.0,0.220395
pr,1.0,0.220465
pr,1.0,0.220543
pr,1.0,0.220613
pr,1.0,0.22068
pr,1.0,0.220747
pr,1.0,0.220821
pr,1.0,0.220899
pr,1.0,0.220984
pr,1.0,0.221051
pr,1.0,0.221118
pr,1.0,0.221185
pr,1.0,0.22126
pr,1.0,0.221335
pr,1.0,0.221402
pr,1.0,0.221473
pr,1.0,0.22154
pr,1.0,0.221611
pr,1.0,0.22169
pr,1.0,0.221761
pr,1.0,0.221828
pr,1.0,0.221899
pr,1.0,0.221971
pr,1.0,0.222038
pr,1.0,0.222117
pr,1.0,0.222196
pr,1.0,0.222275
pr,1.0,0.222343
pr,1.0,0.222422
pr,1.0,0.22249
pr,1.0,0.222565
pr,1.0,0.222644
pr,1.0,0.222716
pr,1.0,0.222788
pr,1.0,0.222856
pr,1.0,0.222928
pr,1.0,0.223
pr,1.0,0.223068
pr,1.0,0.223136
pr,1.0,0.223216
pr,1.0,0.223288
pr,1.0,0.223356
pr,1.0,0.223425
pr,1.0,0.223493
pr,1.0,0.223565
pr,1.0,0.223634
pr,1.0,0.223706
pr,1.0,0.223786
pr,1.0,0.223859
pr,1.0,0.223927
pr,1.0,0.224004
pr,1.0,0.224088
pr,1.0,0.224161
pr,1.0,0.224229
pr,1.0,0.224298
pr,1.0,0.224371
pr,1.0,0.224448
pr,1.0,0.224536
pr,1.0,0.224605
pr,1.0,0.224675
pr,1.0,0.224751
pr,1.0,0.224825
pr,1.0,0.224898
pr,1.0,0.224967
pr,1.0,0.225048
pr,1.0,0.225121
pr,1.0,0.225202
pr,1.0,0.225272
pr,1.0,0.225341
pr,1.0,0.225411
pr,1.0,0.225485
pr,1.0,0.225566
pr,1.0,0.225643
pr,1.0,0.225717
pr,1.0,0.225795
pr,1.0,0.225865
pr,1.0,0.225942
pr,1.0,0.22602
pr,1.0,0.226094
pr,1.0,0.226168
pr,1.0,0.226246
pr,1.0,0.226316
pr,1.0,0.226386
pr,1.0,0.226457
pr,1.0,0.226535
pr,1.0,0.226613
pr,1.0,0.226691
pr,1.0,0.226774
pr,1.0,0.226848
pr,1.0,0.226922
pr,1.0,0.227005
pr,1.0,0.227087
pr,1.0,0.227158
pr,1.0,0.227233
pr,1.0,0.227311
pr,1.0,0.227386
pr,1.0,0.227469
pr,1.0,0.22754
pr,1.0,0.227615
pr,1.0,0.22769
pr,1.0,0.227769
pr,1.0,0.227848
pr,1.0,0.227927
pr,1.0,0.228018
pr,1.0,0.228089
pr,1.0,0.228164
pr,1.0,0.228256
pr,1.0,0.228355
pr,1.0,0.22843
pr,1.0,0.22851
pr,1.0,0.228585
pr,1.0,0.228669
pr,1.0,0.228757
pr,1.0,0.228828
pr,1.0,0.228904
pr,1.0,0.228976
pr,1.0,0.229048
pr,1.0,0.22912
pr,1.0,0.229192
pr,1.0,0.229268
pr,1.0,0.229352
pr,1.0,0.229432
pr,1.0,0.229512
pr,1.0,0.229584
pr,1.0,0.229657
pr,1.0,0.229733
pr,1.0,0.229805
pr,1.0,0.229882
pr,1.0,0.229966
pr,1.0,0.230043
pr,1.0,0.23012
pr,1.0,0.230192
pr,1.0,0.230265
pr,1.0,0.230337
pr,1.0,0.23041
pr,1.0,0.230483
pr,1.0,0.230556
pr,1.0,0.230637
pr,1.0,0.23071
pr,1.0,0.230791
pr,1.0,0.230872
pr,1.0,0.230949
pr,1.0,0.231022
pr,1.0,0.231095
pr,1.0,0.231181
pr,1.0,0.231258
pr,1.0,0.231344
pr,1.0,0.231417
pr,1.0,0.231507
pr,1.0,0.23158
pr,1.0,0.231678
pr,1.0,0.231756
pr,1.0,0.231838
pr,1.0,0.231916
pr,1.0,0.23199
pr,1.0,0.232063
pr,1.0,0.232141
pr,1.0,0.232219
pr,1.0,0.232322
pr,1.0,0.232396
pr,1.0,0.232478
pr,1.0,0.232552
pr,1.0,0.232635
pr,1.0,0.232709
pr,1.0,0.232783
pr,1.0,0.232858
pr,1.0,0.232932
pr,1.0,0.23301
pr,1.0,0.233097
pr,1.0,0.233172
pr,1.0,0.23325
pr,1.0,0.233337
pr,1.0,0.233412
pr,1.0,0.233487
pr,1.0,0.233566
pr,1.0,0.233649
pr,1.0,0.233724
pr,1.0,0.233803
pr,1.0,0.233886
pr,1.0,0.233969
pr,1.0,0.234044
pr,1.0,0.234124
pr,1.0,0.234203
pr,1.0,0.234278
pr,1.0,0.234358
pr,1.0,0.234437
pr,1.0,0.234513
pr,1.0,0.234588
pr,1.0,0.234672
pr,1.0,0.234747
pr,1.0,0.234827
pr,1.0,0.234903
pr,1.0,0.234983
pr,1.0,0.235058
pr,1.0,0.235142
pr,1.0,0.235222
pr,1.0,0.235303
pr,1.0,0.235391
pr,1.0,0.235471
pr,1.0,0.235552
pr,1.0,0.235628
pr,1.0,0.235708
pr,1.0,0.235784
pr,1.0,0.23586
pr,1.0,0.235971
pr,1.0,0.236047
pr,1.0,0.236128
pr,1.0,0.236213
pr,1.0,0.236289
pr,1.0,0.236366
pr,1.0,0.236446
pr,1.0,0.236527
pr,1.0,0.236608
pr,1.0,0.236685
pr,1.0,0.236762
pr,1.0,0.236839
pr,1.0,0.236916
pr,1.0,0.236993
pr,1.0,0.237078
pr,1.0,0.23716
pr,1.0,0.237237
pr,1.0,0.237318
pr,1.0,0.237395
pr,1.0,0.237477
pr,1.0,0.237554
pr,1.0,0.237645
pr,1.0,0.237726
pr,1.0,0.237808
pr,1.0,0.237899
pr,1.0,0.237985
pr,1.0,0.238062
pr,1.0,0.238144
pr,1.0,0.238227
pr,1.0,0.238304
pr,1.0,0.238387
pr,1.0,0.238464
pr,1.0,0.238542
pr,1.0,0.23862
pr,1.0,0.238707
pr,1.0,0.238785
pr,1.0,0.238868
pr,1.0,0.23895
pr,1.0,0.239037
pr,1.0,0.239124
pr,1.0,0.239207
pr,1.0,0.239286
pr,1.0,0.239364
pr,1.0,0.239447
pr,1.0,0.23953
pr,1.0,0.239609
pr,1.0,0.239688
pr,1.0,0.239766
pr,1.0,0.239845
pr,1.0,0.239924
pr,1.0,0.240003
pr,1.0,0.240086
pr,1.0,0.240187
pr,1.0,0.240266
pr,1.0,0.240346
pr,1.0,0.240425
pr,1.0,0.240504
pr,1.0,0.240588
pr,1.0,0.240676
pr,1.0,0.240777
pr,1.0,0.240857
pr,1.0,0.240936
pr,1.0,0.241025
pr,1.0,0.241105
pr,1.0,0.241184
pr,1.0,0.241264
pr,1.0,0.241344
pr,1.0,0.241433
pr,1.0,0.241512
pr,1.0,0.241592
pr,1.0,0.241677
pr,1.0,0.241757
pr,1.0,0.241837
pr,1.0,0.241917
pr,1.0,0.241998
pr,1.0,0.242078
pr,1.0,0.242167
pr,1.0,0.242248
pr,1.0,0.242328
pr,1.0,0.242418
pr,1.0,0.242498
pr,1.0,0.242583
pr,1.0,0.242664
pr,1.0,0.242745
pr,1.0,0.24283
pr,1.0,0.242911
pr,1.0,0.242996
pr,1.0,0.243082
pr,1.0,0.243167
pr,1.0,0.243262
pr,1.0,0.243352
pr,1.0,0.243451
pr,1.0,0.243541
pr,1.0,0.243623
pr,1.0,0.243704
pr,1.0,0.243795
pr,1.0,0.243881
pr,1.0,0.243967
pr,1.0,0.244048
pr,1.0,0.24413
pr,1.0,0.244212
pr,1.0,0.244303
pr,1.0,0.244389
pr,1.0,0.244471
pr,1.0,0.244557
pr,1.0,0.244644
pr,1.0,0.244726
pr,1.0,0.244817
pr,1.0,0.244899
pr,1.0,0.244982
pr,1.0,0.245073
pr,1.0,0.245156
pr,1.0,0.245238
pr,1.0,0.245325
pr,1.0,0.245412
pr,1.0,0.245495
pr,1.0,0.245577
pr,1.0,0.245665
pr,1.0,0.245752
pr,1.0,0.245835
pr,1.0,0.245918
pr,1.0,0.24601
pr,1.0,0.246097
pr,1.0,0.246194
pr,1.0,0.246282
pr,1.0,0.246365
pr,1.0,0.246458
pr,1.0,0.246541
pr,1.0,0.246624
pr,1.0,0.246708
pr,1.0,0.246796
pr,1.0,0.246879
pr,1.0,0.246967
pr,1.0,0.247065
pr,1.0,0.247153
pr,1.0,0.247237
pr,1.0,0.247326
pr,1.0,0.247409
pr,1.0,0.247498
pr,1.0,0.247582
pr,1.0,0.24768
pr,1.0,0.247764
pr,1.0,0.247848
pr,1.0,0.247933
pr,1.0,0.248017
pr,1.0,0.248106
pr,1.0,0.248204
pr,1.0,0.248294
pr,1.0,0.248378
pr,1.0,0.248467
pr,1.0,0.248552
pr,1.0,0.248637
pr,1.0,0.248726
pr,1.0,0.248811
pr,1.0,0.248896
pr,1.0,0.248981
pr,1.0,0.249066
pr,1.0,0.249151
pr,1.0,0.249246
pr,1.0,0.249335
pr,1.0,0.24943
pr,1.0,0.24952
pr,1.0,0.24962
pr,1.0,0.24972
pr,1.0,0.24981
pr,1.0,0.2499
pr,1.0,0.249986
pr,1.0,0.250076
pr,1.0,0.250171
pr,1.0,0.250257
pr,1.0,0.250357
pr,1.0,0.250443
pr,1.0,0.250539
pr,1.0,0.25063
pr,1.0,0.250716
pr,1.0,0.250812
pr,1.0,0.250898
pr,1.0,0.250989
pr,1.0,0.251075
pr,1.0,0.251172
pr,1.0,0.251277
pr,1.0,0.251369
pr,1.0,0.25146
pr,1.0,0.251552
pr,1.0,0.251643
pr,1.0,0.251735
pr,1.0,0.251831
pr,1.0,0.251918
pr,1.0,0.252005
pr,1.0,0.252102
pr,1.0,0.252189
pr,1.0,0.252276
pr,1.0,0.252369
pr,1.0,0.252466
pr,1.0,0.252558
pr,1.0,0.252655
pr,1.0,0.252747
pr,1.0,0.25284
pr,1.0,0.252932
pr,1.0,0.25303
pr,1.0,0.253127
pr,1.0,0.253215
pr,1.0,0.253303
pr,1.0,0.253391
pr,1.0,0.253489
pr,1.0,0.253592
pr,1.0,0.253685
pr,1.0,0.253778
pr,1.0,0.253876
pr,1.0,0.253969
pr,1.0,0.254058
pr,1.0,0.254151
pr,1.0,0.25424
pr,1.0,0.254338
pr,1.0,0.254432
pr,1.0,0.254536
pr,1.0,0.254629
pr,1.0,0.254728
pr,1.0,0.254817
pr,1.0,0.254906
pr,1.0,0.255
pr,1.0,0.255089
pr,1.0,0.255179
pr,1.0,0.255273
pr,1.0,0.255367
pr,1.0,0.255462
pr,1.0,0.255551
pr,1.0,0.255641
pr,1.0,0.255735
pr,1.0,0.255835
pr,1.0,0.25593
pr,1.0,0.256019
pr,1.0,0.256114
pr,1.0,0.256204
pr,1.0,0.256294
pr,1.0,0.256384
pr,1.0,0.256484
pr,1.0,0.25658
pr,1.0,0.25667
pr,1.0,0.25676
pr,1.0,0.256866
pr,1.0,0.256966
pr,1.0,0.257062
pr,1.0,0.257162
pr,1.0,0.257263
pr,1.0,0.257354
pr,1.0,0.257445
pr,1.0,0.257541
pr,1.0,0.257642
pr,1.0,0.257733
pr,1.0,0.257834
pr,1.0,0.25793
pr,1.0,0.258037
pr,1.0,0.258138
pr,1.0,0.25825
pr,1.0,0.258341
pr,1.0,0.258438
pr,1.0,0.258534
pr,1.0,0.258626
pr,1.0,0.258718
pr,1.0,0.258815
pr,1.0,0.258912
pr,1.0,0.259004
pr,1.0,0.259096
pr,1.0,0.259193
pr,1.0,0.259285
pr,1.0,0.259377
pr,1.0,0.25948
pr,1.0,0.259572
pr,1.0,0.259675
pr,1.0,0.259772
pr,1.0,0.259875
pr,1.0,0.259978
pr,1.0,0.260081
pr,1.0,0.260189
pr,1.0,0.260282
pr,1.0,0.260375
pr,1.0,0.260473
pr,1.0,0.260581
pr,1.0,0.260675
pr,1.0,0.260773
pr,1.0,0.260866
pr,1.0,0.260975
pr,1.0,0.261068
pr,1.0,0.261162
pr,1.0,0.261255
pr,1.0,0.261349
pr,1.0,0.261443
pr,1.0,0.261552
pr,1.0,0.261651
pr,1.0,0.26175
pr,1.0,0.261854
pr,1.0,0.261954
pr,1.0,0.262048
pr,1.0,0.262147
pr,1.0,0.262257
pr,1.0,0.262357
pr,1.0,0.262456
pr,1.0,0.262556
pr,1.0,0.262666
pr,1.0,0.262761
pr,1.0,0.262861
pr,1.0,0.262956
pr,1.0,0.263061
pr,1.0,0.263161
pr,1.0,0.263256
pr,1.0,0.263356
pr,1.0,0.263451
pr,1.0,0.263557
pr,1.0,0.263658
pr,1.0,0.263753
pr,1.0,0.263848
pr,1.0,0.263954
pr,1.0,0.26405
pr,1.0,0.264156
pr,1.0,0.264252
pr,1.0,0.264353
pr,1.0,0.264449
pr,1.0,0.264561
pr,1.0,0.264657
pr,1.0,0.264753
pr,1.0,0.264849
pr,1.0,0.26495
pr,1.0,0.265068
pr,1.0,0.26517
pr,1.0,0.265271
pr,1.0,0.265384
pr,1.0,0.265481
pr,1.0,0.265593
pr,1.0,0.26569
pr,1.0,0.265792
pr,1.0,0.265895
pr,1.0,0.266013
pr,1.0,0.266115
pr,1.0,0.266213
pr,1.0,0.26631
pr,1.0,0.266407
pr,1.0,0.266504
pr,1.0,0.266602
pr,1.0,0.266705
pr,1.0,0.266802
pr,1.0,0.266905
pr,1.0,0.267008
pr,1.0,0.267117
pr,1.0,0.267215
pr,1.0,0.267318
pr,1.0,0.267416
pr,1.0,0.267514
pr,1.0,0.267612
pr,1.0,0.26771
pr,1.0,0.267809
pr,1.0,0.267907
pr,1.0,0.268016
pr,1.0,0.268115
pr,1.0,0.268213
pr,1.0,0.268318
pr,1.0,0.268422
pr,1.0,0.268521
pr,1.0,0.268625
pr,1.0,0.268724
pr,1.0,0.268823
pr,1.0,0.268933
pr,1.0,0.269038
pr,1.0,0.269148
pr,1.0,0.269253
pr,1.0,0.269352
pr,1.0,0.269457
pr,1.0,0.269557
pr,1.0,0.269679
pr,1.0,0.269778
pr,1.0,0.269889
pr,1.0,0.269989
pr,1.0,0.270089
pr,1.0,0.2702
pr,1.0,0.2703
pr,1.0,0.2704
pr,1.0,0.270501
pr,1.0,0.270601
pr,1.0,0.270707
pr,1.0,0.270808
pr,1.0,0.270908
pr,1.0,0.27102
pr,1.0,0.271126
pr,1.0,0.271227
pr,1.0,0.271334
pr,1.0,0.27144
pr,1.0,0.271541
pr,1.0,0.271653
pr,1.0,0.271755
pr,1.0,0.271867
pr,1.0,0.271974
pr,1.0,0.272081
pr,1.0,0.272183
pr,1.0,0.272301
pr,1.0,0.272403
pr,1.0,0.272522
pr,1.0,0.272635
pr,1.0,0.272737
pr,1.0,0.272867
pr,1.0,0.272975
pr,1.0,0.273083
pr,1.0,0.273191
pr,1.0,0.273299
pr,1.0,0.273441
pr,1.0,0.273543
pr,1.0,0.273663
pr,1.0,0.273772
pr,1.0,0.27388
pr,1.0,0.273983
pr,1.0,0.274103
pr,1.0,0.274217
pr,1.0,0.274326
pr,1.0,0.274429
pr,1.0,0.274538
pr,1.0,0.274642
pr,1.0,0.274751
pr,1.0,0.274855
pr,1.0,0.274975
pr,1.0,0.275096
pr,1.0,0.2752
pr,1.0,0.275316
pr,1.0,0.275431
pr,1.0,0.275535
pr,1.0,0.275656
pr,1.0,0.275766
pr,1.0,0.275877
pr,1.0,0.275981
pr,1.0,0.276109
pr,1.0,0.276225
pr,1.0,0.276329
pr,1.0,0.276446
pr,1.0,0.27658
pr,1.0,0.27669
pr,1.0,0.276801
pr,1.0,0.276906
pr,1.0,0.277023
pr,1.0,0.27714
pr,1.0,0.277251
pr,1.0,0.277357
pr,1.0,0.277468
pr,1.0,0.277579
pr,1.0,0.277685
pr,1.0,0.277791
pr,1.0,0.277897
pr,1.0,0.278002
pr,1.0,0.278108
pr,1.0,0.278226
pr,1.0,0.27835
pr,1.0,0.278462
pr,1.0,0.27858
pr,1.0,0.278699
pr,1.0,0.278817
pr,1.0,0.278935
pr,1.0,0.279072
pr,1.0,0.279179
pr,1.0,0.279297
pr,1.0,0.279416
pr,1.0,0.279523
pr,1.0,0.279636
pr,1.0,0.279755
pr,1.0,0.279869
pr,1.0,0.279988
pr,1.0,0.280102
pr,1.0,0.280215
pr,1.0,0.280335
pr,1.0,0.280454
pr,1.0,0.280568
pr,1.0,0.280706
pr,1.0,0.280826
pr,1.0,0.28094
pr,1.0,0.281055
pr,1.0,0.281175
pr,1.0,0.281308
pr,1.0,0.28144
pr,1.0,0.281549
pr,1.0,0.281676
pr,1.0,0.281784
pr,1.0,0.281899
pr,1.0,0.282014
pr,1.0,0.28213
pr,1.0,0.282257
pr,1.0,0.282372
pr,1.0,0.282488
pr,1.0,0.282597
pr,1.0,0.282707
pr,1.0,0.282816
pr,1.0,0.282938
pr,1.0,0.283054
pr,1.0,0.283176
pr,1.0,0.283286
pr,1.0,0.283414
pr,1.0,0.283524
pr,1.0,0.283635
pr,1.0,0.283751
pr,1.0,0.283861
pr,1.0,0.28399
pr,1.0,0.284132
pr,1.0,0.284242
pr,1.0,0.284378
pr,1.0,0.284495
pr,1.0,0.284624
pr,1.0,0.284735
pr,1.0,0.284853
pr,1.0,0.284989
pr,1.0,0.285119
pr,1.0,0.285236
pr,1.0,0.285385
pr,1.0,0.285509
pr,1.0,0.285633
pr,1.0,0.285758
pr,1.0,0.285882
pr,1.0,0.286001
pr,1.0,0.286125
pr,1.0,0.28625
pr,1.0,0.286381
pr,1.0,0.2865
pr,1.0,0.286631
pr,1.0,0.286744
pr,1.0,0.286875
pr,1.0,0.287001
pr,1.0,0.287114
pr,1.0,0.287233
pr,1.0,0.287352
pr,1.0,0.287472
pr,1.0,0.287604
pr,1.0,0.28773
pr,1.0,0.287869
pr,1.0,0.287982
pr,1.0,0.288128
pr,1.0,0.288254
pr,1.0,0.288375
pr,1.0,0.288489
pr,1.0,0.288609
pr,1.0,0.28873
pr,1.0,0.288844
pr,1.0,0.28899
pr,1.0,0.289111
pr,1.0,0.289226
pr,1.0,0.289353
pr,1.0,0.289481
pr,1.0,0.289602
pr,1.0,0.289743
pr,1.0,0.289858
pr,1.0,0.289979
pr,1.0,0.290095
pr,1.0,0.29021
pr,1.0,0.290338
pr,1.0,0.290499
pr,1.0,0.290634
pr,1.0,0.290769
pr,1.0,0.290917
pr,1.0,0.291059
pr,1.0,0.291195
pr,1.0,0.291317
pr,1.0,0.291453
pr,1.0,0.291621
pr,1.0,0.291751
pr,1.0,0.291874
pr,1.0,0.292043
pr,1.0,0.292166
pr,1.0,0.292283
pr,1.0,0.292427
pr,1.0,0.292576
pr,1.0,0.292707
pr,1.0,0.292864
pr,1.0,0.293001
pr,1.0,0.293138
pr,1.0,0.293256
pr,1.0,0.29338
pr,1.0,0.293505
pr,1.0,0.293663
pr,1.0,0.293787
pr,1.0,0.293952
pr,1.0,0.294083
pr,1.0,0.294202
pr,1.0,0.294334
pr,1.0,0.294466
pr,1.0,0.294644
pr,1.0,0.294783
pr,1.0,0.294909
pr,1.0,0.295048
pr,1.0,0.295167
pr,1.0,0.295294
pr,1.0,0.29542
pr,1.0,0.295539
pr,1.0,0.295659
pr,1.0,0.295792
pr,1.0,0.295939
pr,1.0,0.296073
pr,1.0,0.296206
pr,1.0,0.296346
pr,1.0,0.296474
pr,1.0,0.296621
pr,1.0,0.296762
pr,1.0,0.296896
pr,1.0,0.297037
pr,1.0,0.297185
pr,1.0,0.297313
pr,1.0,0.297441
pr,1.0,0.297569
pr,1.0,0.297697
pr,1.0,0.297832
pr,1.0,0.297974
pr,1.0,0.298136
pr,1.0,0.298278
pr,1.0,0.2984
pr,1.0,0.29855
pr,1.0,0.298692
pr,1.0,0.298828
pr,1.0,0.298971
pr,1.0,0.299094
pr,1.0,0.299243
pr,1.0,0.299407
pr,1.0,0.29953
pr,1.0,0.299667
pr,1.0,0.299811
pr,1.0,0.299968
pr,1.0,0.300112
pr,1.0,0.300235
pr,1.0,0.30038
pr,1.0,0.300517
pr,1.0,0.300675
pr,1.0,0.300813
pr,1.0,0.300965
pr,1.0,0.301096
pr,1.0,0.301248
pr,1.0,0.301379
pr,1.0,0.301559
pr,1.0,0.301684
pr,1.0,0.301809
pr,1.0,0.301934
pr,1.0,0.302093
pr,1.0,0.302225
pr,1.0,0.302413
pr,1.0,0.302546
pr,1.0,0.30272
pr,1.0,0.302867
pr,1.0,0.303028
pr,1.0,0.303195
pr,1.0,0.303335
pr,1.0,0.30349
pr,1.0,0.303644
pr,1.0,0.303792
pr,1.0,0.303939
pr,1.0,0.304066
pr,1.0,0.304235
pr,1.0,0.304376
pr,1.0,0.304517
pr,1.0,0.304659
pr,1.0,0.304821
pr,1.0,0.304963
pr,1.0,0.305119
pr,1.0,0.305268
pr,1.0,0.30541
pr,1.0,0.305537
pr,1.0,0.305758
pr,1.0,0.305922
pr,1.0,0.306057
pr,1.0,0.306229
pr,1.0,0.306386
pr,1.0,0.306543
pr,1.0,0.306686
pr,1.0,0.306815
pr,1.0,0.306966
pr,1.0,0.307095
pr,1.0,0.307232
pr,1.0,0.307397
pr,1.0,0.307541
pr,1.0,0.307678
pr,1.0,0.307851
pr,1.0,0.307995
pr,1.0,0.308147
pr,1.0,0.308299
pr,1.0,0.30856
pr,1.0,0.308712
pr,1.0,0.308916
pr,1.0,0.309076
pr,1.0,0.309214
pr,1.0,0.309352
pr,1.0,0.309527
pr,1.0,0.309673
pr,1.0,0.309819
pr,1.0,0.30998
pr,1.0,0.310127
pr,1.0,0.31028
pr,1.0,0.310442
pr,1.0,0.310633
pr,1.0,0.310772
pr,1.0,0.310927
pr,1.0,0.311096
pr,1.0,0.311236
pr,1.0,0.311391
pr,1.0,0.311584
pr,1.0,0.311776
pr,1.0,0.311939
pr,1.0,0.312109
pr,1.0,0.312258
pr,1.0,0.312399
pr,1.0,0.31257
pr,1.0,0.312749
pr,1.0,0.312905
pr,1.0,0.313084
pr,1.0,0.313226
pr,1.0,0.31339
pr,1.0,0.313563
pr,1.0,0.313742
pr,1.0,0.3139
pr,1.0,0.31405
pr,1.0,0.314253
pr,1.0,0.314441
pr,1.0,0.314629
pr,1.0,0.314795
pr,1.0,0.315022
pr,1.0,0.315188
pr,1.0,0.31534
pr,1.0,0.315499
pr,1.0,0.315658
pr,1.0,0.315795
pr,1.0,0.315946
pr,1.0,0.316106
pr,1.0,0.316281
pr,1.0,0.316457
pr,1.0,0.316617
pr,1.0,0.31677
pr,1.0,0.316945
pr,1.0,0.317114
pr,1.0,0.317298
pr,1.0,0.317497
pr,1.0,0.317728
pr,1.0,0.317928
pr,1.0,0.318089
pr,1.0,0.318274
pr,1.0,0.318444
pr,1.0,0.318622
pr,1.0,0.318784
pr,1.0,0.319001
pr,1.0,0.319195
pr,1.0,0.319381
pr,1.0,0.319552
pr,1.0,0.319731
pr,1.0,0.319942
pr,1.0,0.320098
pr,1.0,0.320277
pr,1.0,0.320496
pr,1.0,0.320668
pr,1.0,0.320833
pr,1.0,0.320997
pr,1.0,0.321186
pr,1.0,0.321382
pr,1.0,0.321579
pr,1.0,0.32176
pr,1.0,0.321934
pr,1.0,0.322131
pr,1.0,0.322289
pr,1.0,0.322455
pr,1.0,0.322598
pr,1.0,0.32278
pr,1.0,0.322963
pr,1.0,0.323217
pr,1.0,0.323424
pr,1.0,0.323616
pr,1.0,0.323799
pr,1.0,0.323959
pr,1.0,0.324175
pr,1.0,0.324375
pr,1.0,0.324543
pr,1.0,0.324712
pr,1.0,0.324897
pr,1.0,0.325098
pr,1.0,0.325267
pr,1.0,0.325485
pr,1.0,0.325727
pr,1.0,0.325897
pr,1.0,0.326107
pr,1.0,0.326277
pr,1.0,0.326464
pr,1.0,0.32665
pr,1.0,0.326805
pr,1.0,0.327
pr,1.0,0.327196
pr,1.0,0.327383
pr,1.0,0.327555
pr,1.0,0.32771
pr,1.0,0.32789
pr,1.0,0.328046
pr,1.0,0.328259
pr,1.0,0.328431
pr,1.0,0.328645
pr,1.0,0.328834
pr,1.0,0.329007
pr,1.0,0.329222
pr,1.0,0.329412
pr,1.0,0.329569
pr,1.0,0.329726
pr,1.0,0.329917
pr,1.0,0.330091
pr,1.0,0.330282
pr,1.0,0.330465
pr,1.0,0.330656
pr,1.0,0.330856
pr,1.0,0.331039
pr,1.0,0.331248
pr,1.0,0.331449
pr,1.0,0.33165
pr,1.0,0.331834
pr,1.0,0.331985
pr,1.0,0.332178
pr,1.0,0.33243
pr,1.0,0.332649
pr,1.0,0.332843
pr,1.0,0.333063
pr,1.0,0.333283
pr,1.0,0.33346
pr,1.0,0.333672
pr,1.0,0.33385
pr,1.0,0.334054
pr,1.0,0.334267
pr,1.0,0.334471
pr,1.0,0.334667
pr,1.0,0.334855
pr,1.0,0.335077
pr,1.0,0.335248
pr,1.0,0.335445
pr,1.0,0.335616
pr,1.0,0.335857
pr,1.0,0.336029
pr,1.0,0.33633
pr,1.0,0.336537
pr,1.0,0.336744
pr,1.0,0.336951
pr,1.0,0.33715
pr,1.0,0.337349
pr,1.0,0.337584
pr,1.0,0.337775
pr,1.0,0.338027
pr,1.0,0.338262
pr,1.0,0.338462
pr,1.0,0.338654
pr,1.0,0.338899
pr,1.0,0.3391
pr,1.0,0.339319
pr,1.0,0.339504
pr,1.0,0.339714
pr,1.0,0.339925
pr,1.0,0.340172
pr,1.0,0.340357
pr,1.0,0.34056
pr,1.0,0.340799
pr,1.0,0.340993
pr,1.0,0.341188
pr,1.0,0.341375
pr,1.0,0.341543
pr,1.0,0.341748
pr,1.0,0.341926
pr,1.0,0.342104
pr,1.0,0.3423
pr,1.0,0.342488
pr,1.0,0.342684
pr,1.0,0.342926
pr,1.0,0.34315
pr,1.0,0.343356
pr,1.0,0.343572
pr,1.0,0.343815
pr,1.0,0.344004
pr,1.0,0.344238
pr,1.0,0.344473
pr,1.0,0.344708
pr,1.0,0.344898
pr,1.0,0.345134
pr,1.0,0.345306
pr,1.0,0.345488
pr,1.0,0.345688
pr,1.0,0.345888
pr,1.0,0.346098
pr,1.0,0.346326
pr,1.0,0.346582
pr,1.0,0.346774
pr,1.0,0.346994
pr,1.0,0.347178
pr,1.0,0.347398
pr,1.0,0.347601
pr,1.0,0.347794
pr,1.0,0.348033
pr,1.0,0.348227
pr,1.0,0.348449
pr,1.0,0.34868
pr,1.0,0.348931
pr,1.0,0.349135
pr,1.0,0.349367
pr,1.0,0.349581
pr,1.0,0.349786
pr,1.0,0.35
pr,1.0,0.350187
pr,1.0,0.350392
pr,1.0,0.350579
pr,1.0,0.350767
pr,1.0,0.350963
pr,1.0,0.351151
pr,1.0,0.351348
pr,1.0,0.351546
pr,1.0,0.351734
pr,1.0,0.351942
pr,1.0,0.352149
pr,1.0,0.352348
pr,1.0,0.352546
pr,1.0,0.352783
pr,1.0,0.353011
pr,1.0,0.353201
pr,1.0,0.353419
pr,1.0,0.353676
pr,1.0,0.353867
pr,1.0,0.354115
pr,1.0,0.354325
pr,1.0,0.354555
pr,1.0,0.354775
pr,1.0,0.355015
pr,1.0,0.355197
pr,1.0,0.355399
pr,1.0,0.355582
pr,1.0,0.355823
pr,1.0,0.356209
pr,1.0,0.356402
pr,1.0,0.356606
pr,1.0,0.356828
pr,1.0,0.357042
pr,1.0,0.357246
pr,1.0,0.357528
pr,1.0,0.357732
pr,1.0,0.357927
pr,1.0,0.358132
pr,1.0,0.358367
pr,1.0,0.358592
pr,1.0,0.358808
pr,1.0,0.358984
pr,1.0,0.35921
pr,1.0,0.359426
pr,1.0,0.359633
pr,1.0,0.35987
pr,1.0,0.360116
pr,1.0,0.360324
pr,1.0,0.360541
pr,1.0,0.36073
pr,1.0,0.360968
pr,1.0,0.361206
pr,1.0,0.361415
pr,1.0,0.361644
pr,1.0,0.361873
pr,1.0,0.362092
pr,1.0,0.362362
pr,1.0,0.362572
pr,1.0,0.362803
pr,1.0,0.362993
pr,1.0,0.363244
pr,1.0,0.363445
pr,1.0,0.363687
pr,1.0,0.363898
pr,1.0,0.36412
pr,1.0,0.364383
pr,1.0,0.364595
pr,1.0,0.364828
pr,1.0,0.365062
pr,1.0,0.365265
pr,1.0,0.365478
pr,1.0,0.365692
pr,1.0,0.365906
pr,1.0,0.36613
pr,1.0,0.366335
pr,1.0,0.36658
pr,1.0,0.366785
pr,1.0,0.367021
pr,1.0,0.367236
pr,1.0,0.367473
pr,1.0,0.367699
pr,1.0,0.367926
pr,1.0,0.368142
pr,1.0,0.368338
pr,1.0,0.368555
pr,1.0,0.368794
pr,1.0,0.369022
pr,1.0,0.369219
pr,1.0,0.369426
pr,1.0,0.369676
pr,1.0,0.369905
pr,1.0,0.370145
pr,1.0,0.370427
pr,1.0,0.370667
pr,1.0,0.370898
pr,1.0,0.371149
pr,1.0,0.371349
pr,1.0,0.371548
pr,1.0,0.371769
pr,1.0,0.371959
pr,1.0,0.372169
pr,1.0,0.372391
pr,1.0,0.372655
pr,1.0,0.372888
pr,1.0,0.373079
pr,1.0,0.373301
pr,1.0,0.373535
pr,1.0,0.373726
pr,1.0,0.373993
pr,1.0,0.374291
pr,1.0,0.374504
pr,1.0,0.374782
pr,1.0,0.37505
pr,1.0,0.375286
pr,1.0,0.37549
pr,1.0,0.375737
pr,1.0,0.375973
pr,1.0,0.376178
pr,1.0,0.376458
pr,1.0,0.376674
pr,1.0,0.376934
pr,1.0,0.377129
pr,1.0,0.377345
pr,1.0,0.377552
pr,1.0,0.37778
pr,1.0,0.377997
pr,1.0,0.378226
pr,1.0,0.378444
pr,1.0,0.37864
pr,1.0,0.378837
pr,1.0,0.379056
pr,1.0,0.379351
pr,1.0,0.379581
pr,1.0,0.379812
pr,1.0,0.380054
pr,1.0,0.380296
pr,1.0,0.380527
pr,1.0,0.380748
pr,1.0,0.380991
pr,1.0,0.38119
pr,1.0,0.3814
pr,1.0,0.381667
pr,1.0,0.381922
pr,1.0,0.382144
pr,1.0,0.382389
pr,1.0,0.382801
pr,1.0,0.383069
pr,1.0,0.383293
pr,1.0,0.383528
pr,1.0,0.383763
pr,1.0,0.38401
pr,1.0,0.384257
pr,1.0,0.384483
pr,1.0,0.38473
pr,1.0,0.38499
pr,1.0,0.385193
pr,1.0,0.385589
pr,1.0,0.385849
pr,1.0,0.386099
pr,1.0,0.38636
pr,1.0,0.386576
pr,1.0,0.38685
pr,1.0,0.387066
pr,1.0,0.387295
pr,1.0,0.387512
pr,1.0,0.387729
pr,1.0,0.388061
pr,1.0,0.388337
pr,1.0,0.388567
pr,1.0,0.38882
pr,1.0,0.389039
pr,1.0,0.389269
pr,1.0,0.38957
pr,1.0,0.389812
pr,1.0,0.390056
pr,1.0,0.390287
pr,1.0,0.390554
pr,1.0,0.390775
pr,1.0,0.391043
pr,1.0,0.391253
pr,1.0,0.391486
pr,1.0,0.391754
pr,1.0,0.392
pr,1.0,0.392222
pr,1.0,0.392469
pr,1.0,0.392797
pr,1.0,0.393091
pr,1.0,0.393339
pr,1.0,0.393563
pr,1.0,0.393799
pr,1.0,0.394035
pr,1.0,0.394283
pr,1.0,0.394556
pr,1.0,0.394829
pr,1.0,0.395042
pr,1.0,0.395423
pr,1.0,0.395649
pr,1.0,0.395876
pr,1.0,0.396187
pr,1.0,0.396414
pr,1.0,0.396629
pr,1.0,0.396893
pr,1.0,0.397157
pr,1.0,0.397385
pr,1.0,0.397614
pr,1.0,0.397843
pr,1.0,0.398096
pr,1.0,0.398398
pr,1.0,0.398676
pr,1.0,0.398919
pr,1.0,0.399173
pr,1.0,0.399392
pr,1.0,0.399635
pr,1.0,0.399866
pr,1.0,0.400122
pr,1.0,0.400415
pr,1.0,0.400696
pr,1.0,0.400989
pr,1.0,0.401222
pr,1.0,0.401467
pr,1.0,0.401688
pr,1.0,0.402008
pr,1.0,0.402279
pr,1.0,0.402513
pr,1.0,0.402748
pr,1.0,0.402995
pr,1.0,0.40323
pr,1.0,0.403466
pr,1.0,0.403875
pr,1.0,0.404124
pr,1.0,0.404348
pr,1.0,0.404572
pr,1.0,0.404809
pr,1.0,0.405134
pr,1.0,0.405396
pr,1.0,0.405709
pr,1.0,0.405948
pr,1.0,0.406274
pr,1.0,0.406501
pr,1.0,0.406752
pr,1.0,0.407017
pr,1.0,0.407345
pr,1.0,0.407611
pr,1.0,0.407839
pr,1.0,0.408092
pr,1.0,0.408333
pr,1.0,0.408587
pr,1.0,0.408829
pr,1.0,0.409071
pr,1.0,0.409301
pr,1.0,0.40953
pr,1.0,0.409773
pr,1.0,0.410144
pr,1.0,0.410388
pr,1.0,0.410709
pr,1.0,0.41094
pr,1.0,0.411185
pr,1.0,0.411481
pr,1.0,0.411726
pr,1.0,0.412023
pr,1.0,0.412359
pr,1.0,0.412709
pr,1.0,0.412982
pr,1.0,0.413255
pr,1.0,0.413489
pr,1.0,0.413737
pr,1.0,0.413984
pr,1.0,0.41435
pr,1.0,0.414625
pr,1.0,0.414874
pr,1.0,0.415162
pr,1.0,0.415478
pr,1.0,0.415767
pr,1.0,0.416017
pr,1.0,0.416294
pr,1.0,0.416545
pr,1.0,0.416836
pr,1.0,0.417088
pr,1.0,0.417326
pr,1.0,0.417578
pr,1.0,0.417831
pr,1.0,0.41811
pr,1.0,0.41835
pr,1.0,0.41863
pr,1.0,0.41887
pr,1.0,0.419124
pr,1.0,0.419419
pr,1.0,0.419727
pr,1.0,0.420022
pr,1.0,0.420318
pr,1.0,0.420574
pr,1.0,0.42083
pr,1.0,0.421073
pr,1.0,0.421343
pr,1.0,0.421627
pr,1.0,0.421898
pr,1.0,0.422183
pr,1.0,0.422455
pr,1.0,0.422795
pr,1.0,0.423053
pr,1.0,0.423353
pr,1.0,0.423613
pr,1.0,0.423859
pr,1.0,0.424147
pr,1.0,0.424407
pr,1.0,0.424681
pr,1.0,0.424943
pr,1.0,0.42519
pr,1.0,0.425507
pr,1.0,0.425755
pr,1.0,0.426004
pr,1.0,0.426281
pr,1.0,0.426544
pr,1.0,0.426793
pr,1.0,0.427085
pr,1.0,0.427335
pr,1.0,0.427641
pr,1.0,0.427892
pr,1.0,0.428199
pr,1.0,0.428464
pr,1.0,0.428772
pr,1.0,0.429024
pr,1.0,0.429319
pr,1.0,0.429614
pr,1.0,0.429895
pr,1.0,0.430177
pr,1.0,0.430444
pr,1.0,0.430741
pr,1.0,0.43101
pr,1.0,0.431279
pr,1.0,0.431605
pr,1.0,0.431888
pr,1.0,0.432144
pr,1.0,0.432415
pr,1.0,0.432685
pr,1.0,0.432942
pr,1.0,0.433213
pr,1.0,0.433514
pr,1.0,0.433772
pr,1.0,0.434073
pr,1.0,0.434345
pr,1.0,0.434705
pr,1.0,0.434978
pr,1.0,0.435238
pr,1.0,0.435541
pr,1.0,0.435801
pr,1.0,0.436134
pr,1.0,0.43641
pr,1.0,0.436714
pr,1.0,0.43699
pr,1.0,0.437281
pr,1.0,0.437544
pr,1.0,0.437865
pr,1.0,0.438142
pr,1.0,0.43842
pr,1.0,0.438728
pr,1.0,0.438992
pr,1.0,0.439315
pr,1.0,0.439609
pr,1.0,0.439918
pr,1.0,0.440228
pr,1.0,0.440509
pr,1.0,0.440775
pr,1.0,0.441086
pr,1.0,0.441367
pr,1.0,0.441664
pr,1.0,0.441932
pr,1.0,0.442244
pr,1.0,0.442527
pr,1.0,0.442826
pr,1.0,0.44317
pr,1.0,0.443454
pr,1.0,0.443739
pr,1.0,0.444009
pr,1.0,0.444324
pr,1.0,0.444655
pr,1.0,0.444941
pr,1.0,0.445228
pr,1.0,0.445515
pr,1.0,0.445787
pr,1.0,0.44606
pr,1.0,0.446348
pr,1.0,0.446636
pr,1.0,0.446986
pr,1.0,0.447321
pr,1.0,0.447626
pr,1.0,0.447916
pr,1.0,0.448191
pr,1.0,0.448482
pr,1.0,0.448788
pr,1.0,0.44908
pr,1.0,0.449403
pr,1.0,0.449695
pr,1.0,0.449973
pr,1.0,0.450266
pr,1.0,0.450606
pr,1.0,0.4509
pr,1.0,0.451178
pr,1.0,0.451473
pr,1.0,0.451768
pr,1.0,0.452064
pr,1.0,0.452375
pr,1.0,0.452687
pr,1.0,0.452968
pr,1.0,0.453265
pr,1.0,0.453547
pr,1.0,0.453829
pr,1.0,0.454143
pr,1.0,0.454473
pr,1.0,0.454756
pr,1.0,0.45504
pr,1.0,0.45534
pr,1.0,0.45564
pr,1.0,0.455925
pr,1.0,0.45621
pr,1.0,0.456511
pr,1.0,0.456797
pr,1.0,0.457099
pr,1.0,0.457386
pr,1.0,0.457689
pr,1.0,0.458008
pr,1.0,0.458312
pr,1.0,0.4586
pr,1.0,0.458888
pr,1.0,0.459177
pr,1.0,0.459466
pr,1.0,0.459804
pr,1.0,0.460191
pr,1.0,0.460481
pr,1.0,0.460772
pr,1.0,0.461096
pr,1.0,0.461387
pr,1.0,0.461712
pr,1.0,0.462069
pr,1.0,0.462362
pr,1.0,0.462737
pr,1.0,0.463063
pr,1.0,0.463357
pr,1.0,0.463651
pr,1.0,0.463963
pr,1.0,0.464274
pr,1.0,0.464586
pr,1.0,0.464882
pr,1.0,0.465212
pr,1.0,0.465509
pr,1.0,0.465806
pr,1.0,0.466137
pr,1.0,0.466501
pr,1.0,0.466816
pr,1.0,0.467131
pr,1.0,0.467447
pr,1.0,0.467814
pr,1.0,0.468114
pr,1.0,0.468431
pr,1.0,0.468749
pr,1.0,0.469084
pr,1.0,0.469386
pr,1.0,0.469705
pr,1.0,0.470024
pr,1.0,0.470344
pr,1.0,0.470647
pr,1.0,0.470968
pr,1.0,0.471272
pr,1.0,0.471577
pr,1.0,0.471882
pr,1.0,0.472255
pr,1.0,0.472578
pr,1.0,0.472953
pr,1.0,0.473259
pr,1.0,0.473635
pr,1.0,0.473943
pr,1.0,0.474268
pr,1.0,0.474576
pr,1.0,0.474885
pr,1.0,0.475194
pr,1.0,0.475504
pr,1.0,0.475814
pr,1.0,0.476125
pr,1.0,0.47647
pr,1.0,0.476782
pr,1.0,0.477094
pr,1.0,0.477406
pr,1.0,0.477736
pr,1.0,0.478066
pr,1.0,0.478432
pr,1.0,0.478763
pr,1.0,0.479078
pr,1.0,0.479393
pr,1.0,0.479708
pr,1.0,0.480076
pr,1.0,0.480392
pr,1.0,0.480744
pr,1.0,0.481061
pr,1.0,0.481378
pr,1.0,0.481731
pr,1.0,0.48205
pr,1.0,0.482368
pr,1.0,0.482705
pr,1.0,0.483061
pr,1.0,0.483434
pr,1.0,0.483755
pr,1.0,0.484075
pr,1.0,0.484397
pr,1.0,0.484737
pr,1.0,0.485077
pr,1.0,0.4854
pr,1.0,0.485723
pr,1.0,0.486046
pr,1.0,0.48637
pr,1.0,0.486695
pr,1.0,0.48702
pr,1.0,0.487345
pr,1.0,0.487671
pr,1.0,0.488015
pr,1.0,0.488342
pr,1.0,0.488669
pr,1.0,0.489033
pr,1.0,0.489361
pr,1.0,0.489762
pr,1.0,0.490128
pr,1.0,0.490476
pr,1.0,0.490806
pr,1.0,0.491155
pr,1.0,0.491485
pr,1.0,0.491817
pr,1.0,0.492149
pr,1.0,0.492481
pr,1.0,0.492832
pr,1.0,0.493165
pr,1.0,0.493517
pr,1.0,0.49387
pr,1.0,0.494223
pr,1.0,0.494558
pr,1.0,0.494912
pr,1.0,0.495248
pr,1.0,0.495603
pr,1.0,0.49594
pr,1.0,0.496278
pr,1.0,0.496615
pr,1.0,0.496972
pr,1.0,0.49733
pr,1.0,0.497669
pr,1.0,0.498047
pr,1.0,0.498387
pr,1.0,0.498747
pr,1.0,0.499164
pr,1.0,0.499506
pr,1.0,0.499867
pr,1.0,0.500209
pr,1.0,0.500591
pr,1.0,0.500954
pr,1.0,0.501298
pr,0.999924,0.501624
pr,0.999848,0.501969
pr,0.999772,0.502315
pr,0.999772,0.50268
pr,0.999772,0.503046
pr,0.999772,0.503509
pr,0.999772,0.503934
pr,0.999695,0.504264
pr,0.999695,0.504613
pr,0.999619,0.504982
pr,0.999619,0.505332
pr,0.999543,0.505663
pr,0.999467,0.506014
pr,0.999467,0.506424
pr,0.999467,0.506776
pr,0.999467,0.507188
pr,0.999315,0.507463
pr,0.999239,0.507857
pr,0.999239,0.508211
pr,0.999086,0.508488
pr,0.998934,0.508765
pr,0.998705,0.509024
pr,0.998477,0.509283
pr,0.997792,0.509329
pr,0.997487,0.50957
pr,0.996954,0.509654
pr,0.996497,0.509798
pr,0.996116,0.509961
pr,0.995431,0.509968
pr,0.994898,0.510073
pr,0.994289,0.510139
pr,0.993603,0.510186
pr,0.992918,0.510193
pr,0.99269,0.510515
pr,0.992233,0.51066
pr,0.992004,0.510943
pr,0.991243,0.510911
pr,0.990557,0.510939
pr,0.990101,0.511105
pr,0.989491,0.511233
pr,0.988806,0.511261
pr,0.988197,0.511308
pr,0.987435,0.511317
pr,0.986902,0.511424
pr,0.985988,0.511334
pr,0.985151,0.511283
pr,0.984313,0.511273
pr,0.983399,0.511162
pr,0.982638,0.51113
pr,0.981952,0.511138
pr,0.981267,0.511146
pr,0.980582,0.511154
pr,0.979973,0.511263
pr,0.979059,0.511152
pr,0.978526,0.511239
pr,0.977688,0.511168
pr,0.976927,0.511156
pr,0.976089,0.511085
pr,0.975175,0.511014
pr,0.974414,0.511022
pr,0.973728,0.51103
pr,0.973043,0.511038
pr,0.972281,0.511047
pr,0.971368,0.510996
pr,0.970378,0.510926
pr,0.969692,0.510995
pr,0.968779,0.510883
pr,0.967712,0.510751
pr,0.966494,0.510498
pr,0.96558,0.510385
pr,0.965123,0.510534
pr,0.964286,0.510481
pr,0.963372,0.510471
pr,0.962306,0.510277
pr,0.96124,0.510082
pr,0.960707,0.51017
pr,0.959869,0.510097
pr,0.959108,0.510105
pr,0.958194,0.510073
pr,0.957204,0.509981
pr,0.956366,0.509907
pr,0.955452,0.509792
pr,0.954691,0.509862
pr,0.953777,0.509747
pr,0.95332,0.509939
pr,0.952559,0.509968
pr,0.951569,0.509833
pr,0.950579,0.509843
pr,0.950122,0.510056
pr,0.949284,0.510024
pr,0.948599,0.510136
pr,0.947761,0.510145
pr,0.946771,0.509988
pr,0.945857,0.509872
pr,0.944791,0.509695
pr,0.943878,0.509663
pr,0.942964,0.509672
pr,0.942126,0.509765
pr,0.941136,0.509734
pr,0.940527,0.511492
pr,0.939156,0.5117
pr,0.937481,0.511594
pr,0.933978,0.511745
pr,0.925906,0.511872
pr,0.924916,0.513855
pr,0.922632,0.514939
pr,0.920652,0.515895
pr,0.919586,0.521124
pr,0.907554,0.521233
pr,0.89834,0.522662
pr,0.894532,0.531418
pr,0.884328,0.535952
pr,0.86095,0.536058
pr,0.857904,0.536374
pr,0.815032,0.527631
pr,0.811301,0.531001
pr,0.756777,0.523493
pr,0.751523,0.523305
pr,0.720911,0.520108
pr,0.718702,0.520287
pr,0.713905,0.529751
pr,0.69502,0.525476
pr,0.687481,0.524762
pr,0.674231,0.523472
pr,0.665169,0.539831
pr,0.65527,0.537913
pr,0.642019,0.534216
pr,0.632805,0.536441
pr,0.610798,0.541374
pr,0.607067,0.54543
pr,0.591532,0.542117
pr,0.59039,0.545256
pr,0.588486,0.559028
pr,0.586278,0.559887
pr,0.58049,0.564123
pr,0.57318,0.57749
pr,0.561681,0.576565
pr,0.551477,0.585165
pr,0.549269,0.590939
pr,0.54173,0.597213
pr,0.512184,0.587475
pr,0.508605,0.598906
pr,0.504341,0.602146
pr,0.498096,0.602857
pr,0.492613,0.604975
pr,0.47944,0.60042
pr,0.474414,0.602631
pr,0.464819,0.600197
pr,0.463296,0.601959
pr,0.453472,0.598492
pr,0.451645,0.599091
pr,0.439613,0.599232
pr,0.434892,0.601031
pr,0.421033,0.603208
pr,0.415245,0.600815
pr,0.412275,0.602493
pr,0.408239,0.601279
pr,0.407173,0.605481
pr,0.399711,0.601743
pr,0.392019,0.598605
pr,0.390573,0.599112
pr,0.38905,0.601625
pr,0.387755,0.602105
pr,0.386461,0.603664
pr,0.383643,0.604947
pr,0.382348,0.605158
pr,0.380749,0.605547
pr,0.377932,0.606205
pr,0.376713,0.607814
pr,0.373515,0.607656
pr,0.370317,0.605981
pr,0.369555,0.607765
pr,0.36156,0.602921
pr,0.357752,0.603623
pr,0.353488,0.601451
pr,0.352422,0.603547
pr,0.350594,0.602697
pr,0.34869,0.602897
pr,0.345949,0.605007
pr,0.341456,0.603012
pr,0.33841,0.604297
pr,0.332242,0.601295
pr,0.329881,0.601834
pr,0.323104,0.598786
pr,0.318306,0.601612
pr,0.316631,0.60436
pr,0.316098,0.605809
pr,0.315413,0.606709
pr,0.313814,0.607459
pr,0.311681,0.608172
pr,0.309245,0.607661
pr,0.303457,0.605715
pr,0.302163,0.608123
pr,0.30003,0.611042
pr,0.298964,0.611526
pr,0.292568,0.608971
pr,0.288227,0.606668
pr,0.284572,0.605378
pr,0.283506,0.615677
pr,0.282288,0.617319
pr,0.280003,0.621115
pr,0.279089,0.62277
pr,0.278023,0.626029
pr,0.275358,0.624741
pr,0.274444,0.624935
pr,0.271855,0.625657
pr,0.270637,0.631261
pr,0.268961,0.633202
pr,0.268124,0.636134
pr,0.261727,0.638848
pr,0.260052,0.639154
pr,0.257463,0.638768
pr,0.252361,0.636573
pr,0.251218,0.636996
pr,0.248782,0.643744
pr,0.247563,0.644912
pr,0.246726,0.649038
pr,0.245126,0.650434
pr,0.241776,0.648754
pr,0.23873,0.65082
pr,0.235836,0.649266
pr,0.233247,0.649491
pr,0.229973,0.647374
pr,0.227383,0.648285
pr,0.22586,0.648731
pr,0.223576,0.650421
pr,0.22152,0.64933
pr,0.219159,0.652608
pr,0.217865,0.653943
pr,0.212763,0.650979
pr,0.209031,0.648629
pr,0.206975,0.650395
pr,0.205376,0.650507
pr,0.20134,0.649631
pr,0.199741,0.649257
pr,0.194411,0.653945
pr,0.192659,0.65544
pr,0.191822,0.657702
pr,0.188395,0.663449
pr,0.186567,0.662879
pr,0.183217,0.663541
pr,0.178191,0.658228
pr,0.176592,0.660496
pr,0.174079,0.65936
pr,0.169053,0.654481
pr,0.164864,0.649955
pr,0.162275,0.652081
pr,0.158087,0.649765
pr,0.155803,0.65097
pr,0.153975,0.649326
pr,0.144152,0.636731
pr,0.137146,0.635722
pr,0.136308,0.639057
pr,0.129302,0.628656
pr,0.127856,0.628839
pr,0.121002,0.620461
pr,0.117271,0.618226
pr,0.114682,0.61696
pr,0.110417,0.611298
pr,0.107447,0.607666
pr,0.101965,0.599642
pr,0.099147,0.597248
pr,0.095797,0.597909
pr,0.092217,0.589581
pr,0.090314,0.591521
pr,0.087268,0.584396
pr,0.086125,0.594637
pr,0.082166,0.590586
pr,0.080262,0.588498
pr,0.077292,0.582329
pr,0.074398,0.578107
pr,0.072571,0.579684
pr,0.071048,0.577709
pr,0.06785,0.569693
pr,0.065108,0.56213
pr,0.062519,0.565427
pr,0.061072,0.561625
pr,0.059778,0.561516
pr,0.056732,0.551036
pr,0.055056,0.546073
pr,0.054066,0.544896
pr,0.051934,0.538279
pr,0.05102,0.537721
pr,0.05003,0.537643
pr,0.047213,0.524535
pr,0.045766,0.519896
pr,0.043634,0.51024
pr,0.043025,0.514572
pr,0.041654,0.508837
pr,0.040359,0.503802
pr,0.039217,0.506391
pr,0.037999,0.502012
pr,0.036628,0.496388
pr,0.035257,0.489947
pr,0.034039,0.483243
pr,0.033201,0.482835
pr,0.032135,0.478458
pr,0.030612,0.470175
pr,0.029394,0.461171
pr,0.028252,0.452991
pr,0.026805,0.441656
pr,0.025358,0.428571
pr,0.024368,0.421607
pr,0.022997,0.409769
pr,0.021322,0.391608
pr,0.020027,0.377874
pr,0.018885,0.365782
pr,0.017743,0.355183
pr,0.016601,0.343307
pr,0.015611,0.332253
pr,0.014545,0.32047
pr,0.013479,0.310526
pr,0.011956,0.285974
pr,0.011042,0.277778
pr,0.009823,0.259557
pr,0.008681,0.24307
pr,0.007767,0.228188
pr,0.006777,0.213942
pr,0.005787,0.195876
pr,0.004797,0.174515
pr,0.003731,0.145401
pr,0.002894,0.125413
pr,0.001904,0.088339
pr,0.001218,0.061303
pr,0.000685,0.03719
pr,0.000457,0.02765
pr,0.000381,0.025381
pr,0.000381,0.028736
pr,0.000305,0.025806
pr,0.000228,0.022388
pr,7.6e-05,0.008929
pr,7.6e-05,0.011364
pr,7.6e-05,0.016667
pr,0.0,0.0
